name,password,global_payment_token,credit_amount
user1,01JFFE9QV4YSHR84MX5S4XD8Y9,01JFFE9QV4TAGW44AXQ2WZ00SS,28483
user2,01JFFE9R1TZPGKNAQV853AR0KV,01JFFE9R1TN0MVRAG5QSP2HVPC,21130
user3,01JFFE9R8Q1MEHRARSYNQP82GE,01JFFE9R8QQN6N2ZRF2FKY8H8J,9093
user4,01JFFE9RFF7EZSE0H855ETX284,01JFFE9RFFJ9ZH1TE3A3XDYAZ6,41188
user5,01JFFE9RPB4G1C103RP7TKMWEN,01JFFE9RPBSR7NAAP1N9P06ZJS,16141
user6,01JFFE9RX4YVJWT96BS2BBBHH8,01JFFE9RX4MHH3D9WAT0MH28XX,24454
user7,01JFFE9S3WQ1ZH76J5G0A14AHE,01JFFE9S3W0FTH3GYXQWNGZGAD,16933
user8,01JFFE9SASNKJ5GSWJFCB20TPH,01JFFE9SAS8SQVYM8W1RVFWRM8,22376
user9,01JFFE9SHGCFM50281FKEJ9S78,01JFFE9SHGGX4QGCJF1493SQVP,16674
user10,01JFFE9SR7AN89Z2RSGY5MN3BX,01JFFE9SR71PHRCK75C7ZK3QCR,111656
user11,01JFFE9SYZ3YMM7FCZNXT3RH4R,01JFFE9SYZZE2RKMEEP1V509BR,44877
user12,01JFFE9T5THGX81PDPVHK3W6P6,01JFFE9T5T10SAE7WFAKTDGEFW,18472
user13,01JFFE9TCJDDJ89AJ4BDZXGN55,01JFFE9TCJ94XXE543EHVMD6ND,38265
user14,01JFFE9TK9RT19DJTAGP2CDVX8,01JFFE9TK9TB2XSX0D42KMEWS3,47759
user15,01JFFE9TT02NW6SCHV18BXWZ7R,01JFFE9TT0WRDJ76W52S0Z0NX3,9297
user16,01JFFE9V0QG5XBF3XJCCJT83DQ,01JFFE9V0Q8QEZ69WXE9NQ74ZG,42288
user17,01JFFE9V7MF6QNWG4V1Y3JZNAC,01JFFE9V7MB4BW8S5MD2CSXRBD,20508
user18,01JFFE9VEC9NH75W3Z8806ETJW,01JFFE9VECMCEBN66CDS5BYQ9D,31970
user19,01JFFE9VN3W184FT0CTBQAA7SR,01JFFE9VN36S7J15WXJCAQBCET,34547
user20,01JFFE9VVT4PHDZMQ1EA195C0Q,01JFFE9VVTHFSBAYGZG5P278XR,9397
user21,01JFFE9W31N0F03KJZ6AJP6HVF,01JFFE9W31DGS7WZJPWMQX3EA6,15915
user22,01JFFE9W9XEHNNYRNZYX4BVKCX,01JFFE9W9XCYBNWWXMA4CSSRW4,40069
user23,01JFFE9WGSSFEGM7AJ9VB4H06R,01JFFE9WGSBG7H7E74GWC0AYCY,13702
user24,01JFFE9WQJWW09D5W1F4GCAAPZ,01JFFE9WQJRR4ZXN3K0GMHZDR3,39469
user25,01JFFE9WYAJ63DH8S88WBGWBXK,01JFFE9WYA4NMSCNWTRB2XHW0B,17610
user26,01JFFE9X58SWFRVDMG1A32HXD8,01JFFE9X58PPPATJJ44N5SZM29,64855
user27,01JFFE9XC05QE0QPS3VVGKSS05,01JFFE9XC05Q1CBZ75CWXKNZ7G,33256
user28,01JFFE9XJRY700FPMP01KQR1M0,01JFFE9XJRBSMXZPWAVHZN8047,10550
user29,01JFFE9XSHEFBNFR20ASGH3J0W,01JFFE9XSHKX5VC5H4CX0PKAP6,73121
user30,01JFFE9Y082YV1NY8G85YY70RQ,01JFFE9Y08CHK7J9RBM4BY4TVM,42418
user31,01JFFE9Y74S4JE9T5YFJ04FRZ3,01JFFE9Y74DVBFJZQD4JQTR6MG,22825
user32,01JFFE9YDV6WBHP0B72YSHP7RA,01JFFE9YDVSGMPDNY3MRPQP675,24745
user33,01JFFE9YMJB5RKC24YDXAQWJGC,01JFFE9YMJPYMVHWE3VNAGB42N,21279
user34,01JFFE9YVAD3E5DT3H051RZZNM,01JFFE9YVB1G26F7P2MJDPM03X,131984
user35,01JFFE9Z28VY16D9HKD1ZBQYDQ,01JFFE9Z28GK32YT4A1JAVRWXR,8923
user36,01JFFE9Z91EQ9KWTD63F2G9NKT,01JFFE9Z91KJXXJJP1B0W572TW,25916
user37,01JFFE9ZFRM6K3MMW8ZQBAKPH1,01JFFE9ZFR2ATSGP36DH02CJN8,37193
user38,01JFFE9ZPGDVKP3572DEZ0YBK9,01JFFE9ZPG7XNDWSDF34SWQ0EQ,33696
user39,01JFFE9ZX7HE16T3NMXD5JJNS8,01JFFE9ZX7VCARXK0RH52221EG,6639
user40,01JFFEA042CMK99XAEDY72K8Y8,01JFFEA042TEAJJ8SEBC01DRKT,30026
user41,01JFFEA0AS67P2MTDN3AJWQ5AP,01JFFEA0ASNFF5M7V7E2AT3HQR,87874
user42,01JFFEA0HHDY93SM1YFVZW4E4A,01JFFEA0HHCBM3Z4F120GJ7DPC,15634
user43,01JFFEA0R94F38P6MNW2W32JFT,01JFFEA0R9BBS9Z4DF5FY8A0A0,23327
user44,01JFFEA0ZTTGNND0QJ3MRYJKCD,01JFFEA0ZTW548SGX13B3NXX6F,17974
user45,01JFFEA16T55FW1WCBK79S75WQ,01JFFEA16TDPBK1XARRBKVWCHW,13805
user46,01JFFEA1DMFEY9EDN9MZZ1BR5R,01JFFEA1DMC75QS7AQ34DC06X8,30943
user47,01JFFEA1MDVWPX3CCKYPNVYZDA,01JFFEA1MDK97TJ8EZSQPSD009,8247
user48,01JFFEA1V5QHDY4C66JJKKEASN,01JFFEA1V58QF08MRR7ASYNX5X,36074
user49,01JFFEA22297FCJ6NAJ9ZY30ZF,01JFFEA222Z83YMSW2KNSKTP0P,12984
user50,01JFFEA28TR7HS503886H7K9G3,01JFFEA28T3B0WREAVZ2SXGQ2R,62838
user51,01JFFEA2FJKE1B26TNFVY0KHYY,01JFFEA2FJW370QKJV6BRGVBDP,31656
user52,01JFFEA2P93GH02FDR1KFHHAQE,01JFFEA2P94ZQ0DCD97EKMK92M,34959
user53,01JFFEA2X26JRYF24S7BJJSGPK,01JFFEA2X29RSX41BCN3BK8RYC,112521
user54,01JFFEA3400VBVFAY84GRZFYCW,01JFFEA34009PTM50A3JPADRWJ,16052
user55,01JFFEA3AR365V6554M6J9X7M4,01JFFEA3ARR5Q8JS2C68SY506S,99142
user56,01JFFEA3HFBRA2J3SKXTTJ3MSH,01JFFEA3HFQ77D9NXEYCRDAVN0,54581
user57,01JFFEA3R6TRJZQFQ69WVQZQM2,01JFFEA3R63W5HHRWG92KSRRTH,80039
user58,01JFFEA3Z3VA3FX2GFX8CJQVPP,01JFFEA3Z3QFXP9JYNXRRG1641,11859
user59,01JFFEA45TRN11ASTH9YV71S6Z,01JFFEA45TZKPATM2EN5XYZMRD,17545
user60,01JFFEA4CHSG3P19J8DRKYGFDT,01JFFEA4CHZJ9JXK44PH509TRW,51769
user61,01JFFEA4KAWFRG4HXJA7VZA56G,01JFFEA4KASKFXBQ5JZSQ60JYF,22632
user62,01JFFEA4T1RXATQ0KF1CD1RTFF,01JFFEA4T1KBZYEFA51BD6CW3G,31502
user63,01JFFEA50YZRHDVT9ZK0Q7B6RD,01JFFEA50Y63MKG20FE7P86C4T,18133
user64,01JFFEA57PMXHTEZ7JA009XZQ4,01JFFEA57PCSBNF1XC91638XKE,5705
user65,01JFFEA5ED8S3W2SFS67VMNTJK,01JFFEA5EDAH8YFFCEZRR8AQ2E,17505
user66,01JFFEA5NKJ27V61QQKZPWYMNQ,01JFFEA5NKC6Q3R7TNCFHB7SBH,8533
user67,01JFFEA5X6HYMTHTYDHHPRAVS7,01JFFEA5X6Q8FNNVD307DS34DQ,96249
user68,01JFFEA6401G4GSSRV03KAF3QN,01JFFEA640MART6GQEPABE9YSV,6590
user69,01JFFEA6AR5Q9GDN3B1BS159FA,01JFFEA6ARAD1TQ9PC0CHAKK8N,14511
user70,01JFFEA6HXQBV1EHCFH519T4T0,01JFFEA6HXAFM40KTX39T4ZXTC,75932
user71,01JFFEA6SPN52SP6MQ21QGNTCE,01JFFEA6SP8RQ4H39CW6Z18DYJ,14310
user72,01JFFEA714FATYAA9M9TK4S14G,01JFFEA714RCT55FS4K5WHSZQA,27872
user73,01JFFEA77X1E4GM6JP7XEQ2HF0,01JFFEA77XFKJ2NYY4PVP4VQ1N,48066
user74,01JFFEA7EN31W5SH3K2RZR4HC6,01JFFEA7EPK8HVT0G18T7BGM0M,6499
user75,01JFFEA7NDQX1YXCKT7VAA3R09,01JFFEA7ND86SJWP2XVWPPVZ58,46944
user76,01JFFEA7WA4NV850GHQKKQ11HJ,01JFFEA7WAHZNCPM99FW4WG3X4,28182
user77,01JFFEA831CDJTJN7S2TB8QMCE,01JFFEA831GJ71F58GYBVPGX7S,48447
user78,01JFFEA89REWTG01NWGSHB1G46,01JFFEA89RVT6HM833KVVXMM47,9856
user79,01JFFEA8GGHA4JKEECNWJBZMYP,01JFFEA8GGK0K7TTE698A3KW0W,37434
user80,01JFFEA8Q8JE97WS1S592RN1N2,01JFFEA8Q8GEES4Y8QXBJR9HG7,35887
user81,01JFFEA8Y8BCV6G251JPS4P83A,01JFFEA8Y8W32EYMETVWCC2V9Y,25697
user82,01JFFEA951W3KMF7111CGQRP28,01JFFEA9513AFVZ58C4YWGFPDT,32404
user83,01JFFEA9BRKT6HVT2W4GA7E30V,01JFFEA9BRSTTG1XNNC4ZCBWR9,18239
user84,01JFFEA9JHDFEVS8D2CMAG1NJR,01JFFEA9JHQ6RD3KVXVV1FZC5Z,101131
user85,01JFFEA9SE254AFKF15EC2G9TS,01JFFEA9SEWERFVBQZGNHZBTJY,46209
user86,01JFFEAA06Z8E57NSB313SX79K,01JFFEAA06MKD4Q5X2FM6DCZ5Z,7888
user87,01JFFEAA6YEY7QS7W3NQX4B3Q1,01JFFEAA6YF4PJKM1M10PBVB3F,8884
user88,01JFFEAADNK0QDEF6FFX90EGDG,01JFFEAADNMPTC4EM2QCHW2RF9,16074
user89,01JFFEAAMDGB7C756WBXPRC37X,01JFFEAAMD6TXAJZHQYNY2BNJT,18217
user90,01JFFEAAVPXAHXCBE3FW3912G9,01JFFEAAVP35H0E25CNBH58JAP,33929
user91,01JFFEAB2E2XJZ0GHPXAQQT9EK,01JFFEAB2EFAYYR7VVWTQC9WKD,38524
user92,01JFFEAB97Y0DDM2TF2AHXP6EM,01JFFEAB97E1EEAHC74YANV76F,51846
user93,01JFFEABFYCNGEQZHX5MV9N5W2,01JFFEABFYD8QFJ7DXKM7AP3J1,21099
user94,01JFFEABPTDWMXVY27KCYPBK08,01JFFEABPTBJEZQ5PJZJX6DN34,31100
user95,01JFFEABXWCQGF8HTHPDG710XG,01JFFEABXWYB15XFG148EYP512,41728
user96,01JFFEAC4P97H6DKAN1VEE74ME,01JFFEAC4PN0QAWKHR26DAGDM9,49703
user97,01JFFEACBH8ERDVVK0PXEB2NX2,01JFFEACBH13NW253JE5FMWPQ7,9512
user98,01JFFEACJB9DS5X0EWSK5E0VWY,01JFFEACJBFMBASV77X2593WPG,26217
user99,01JFFEACSD05ANQTF11ZMQXDW2,01JFFEACSDJD0N172D6WEFEJTG,10395
user100,01JFFEAD07G9457M9JXR1D92K5,01JFFEAD07QJPT2K0HM78VSV5X,30787
user101,01JFFEAD70H0KRPZKSE46MJKV7,01JFFEAD7097S8N4YKFKEA158C,40084
user102,01JFFEADDRN1GR7Q53VR8CKFBD,01JFFEADDR38677RNHWK8BP08X,6110
user103,01JFFEADMJWBMZYMQMX5HG0K5D,01JFFEADMJWAFX4RAPF012RACD,35434
user104,01JFFEADVG81T0BKGVQAYANZE1,01JFFEADVGJ4YZNNH6ZCZJSWV2,23018
user105,01JFFEAE27YJ46G802QMTFEZWH,01JFFEAE2783ED7XWRWTAFD6HG,72120
user106,01JFFEAE90X3H6MCYEHFMGMH4D,01JFFEAE90Z55C6M7PEFXM445R,27378
user107,01JFFEAEFQ78KXEPXKSPZ8Y060,01JFFEAEFQ9K7R16WH3R43EE2F,80610
user108,01JFFEAEPK7TQFY6Y54FBFVK9X,01JFFEAEPKX8518XD4W4WR0M83,31385
user109,01JFFEAEXC0SXZ0TWR91ZYEP9R,01JFFEAEXCZ42N6JN9WAXK1Y9K,15043
user110,01JFFEAF45D9AT4HH5KZNV4HDY,01JFFEAF450TFZWDFCMMCM3SNT,112231
user111,01JFFEAFAZQX7E6SKRHGS95G61,01JFFEAFAZWYZ94K6PZ395P9J6,8897
user112,01JFFEAFHSP1XH1PEFCKJQW671,01JFFEAFHS4AAWDR0KAFTZ3JNC,7685
user113,01JFFEAFS7STEWAZ38VRVNHF3R,01JFFEAFS7Q5NT9KW3YPPAJTEM,22533
user114,01JFFEAFZZHFXF2YSPN57MQMES,01JFFEAFZZGNFGE1C2FFKVH13R,37452
user115,01JFFEAG6QBQWASB007ATFY1VG,01JFFEAG6Q71Z347FSJQ01MAD3,17720
user116,01JFFEAGDGD2QK6FP8T29SWM72,01JFFEAGDG43N6HE2KRCRDZ8B7,10428
user117,01JFFEAGMEQAZSWM6S2EKGHBK9,01JFFEAGME1MP3FSRFR8NT6VKD,38573
user118,01JFFEAGV50CGJVGZGK90HWRK9,01JFFEAGV5WJ9R8HFVWHNN2XFZ,7979
user119,01JFFEAH1Y8ACAHZ0VGKTD9P1C,01JFFEAH1YTB25PNA61NG3H5Z1,12518
user120,01JFFEAH8Q0A89919A1NJZYKXN,01JFFEAH8QFCVJQFPW6FCY4T3B,23347
user121,01JFFEAHFGP0225A7ZADY4SNZY,01JFFEAHFGRNDAVGY77QBKX56G,12671
user122,01JFFEAHPZMKQKVWB0FZETK5CB,01JFFEAHPZXPRFM3JYJ1QKD8X2,12082
user123,01JFFEAHXXDRQPZJATQNNDXV71,01JFFEAHXXAA2CCYBZBSP5FT86,15980
user124,01JFFEAJ4PZQGE2P3P3RFNG94D,01JFFEAJ4P0WMB3XRSB4A2AMDW,24696
user125,01JFFEAJBFBV282X2B6E0RD1HF,01JFFEAJBF87FT4V9AQZH49AZK,8996
user126,01JFFEAJJC3S4VA8VX382H8GA5,01JFFEAJJCTNNDTK6QN9JBY6WQ,36459
user127,01JFFEAJS43WAST3256VJYN3E4,01JFFEAJS418YS925QQ6GTVWGY,19781
user128,01JFFEAK001QBZ1MZZ4D2ME75N,01JFFEAK003P7HA816NT8NYYPV,10094
user129,01JFFEAK6RKNB4DRB82HCFBCCE,01JFFEAK6RV9290H1NQDTM45J8,6515
user130,01JFFEAKDH1B707Q4X7ADGRYPH,01JFFEAKDHACMQBZ6H5MCSBEG4,8107
user131,01JFFEAKME6W4ZZ8YAGHG63GR7,01JFFEAKME472V5JD69WDH14SS,48453
user132,01JFFEAKV7WF0DNHZAJK745C1F,01JFFEAKV7RDE8HC9YTK45FHM2,29622
user133,01JFFEAM1Y16E2E5XYWAMBJQ0W,01JFFEAM1YC3CDQM3VB902SNXC,7175
user134,01JFFEAM8PEE536JGD502P45P8,01JFFEAM8PRR1DKNH4R62N3KKG,27575
user135,01JFFEAMFECTABWEJQV32Z80AJ,01JFFEAMFE88ZB2Z79W6P1GJB2,55941
user136,01JFFEAMPS4EQ7ZET3VMRT4GP6,01JFFEAMPS43KD00F0RPAGK433,53310
user137,01JFFEAMXJA5NPD4E8K58PQ6M4,01JFFEAMXJXQZKS9QV6PCRWKRJ,21483
user138,01JFFEAN4D5GDXYZVJGM9KTRNR,01JFFEAN4D8A9QS0QZ36JWMVTD,7289
user139,01JFFEANB79SPRD3V4FRY0DW2N,01JFFEANB7RTZK2D985X9T39ZQ,9970
user140,01JFFEANJ58005567M3ZC65DX5,01JFFEANJ55PWYT6DKKCHY557H,21637
user141,01JFFEANS02X94MR1QB8X9FW84,01JFFEANS01MH2088X5TA0SQCT,7308
user142,01JFFEANZX6NB8NWKP0BQMD3FR,01JFFEANZX41YFMTX45VZA1B7H,11614
user143,01JFFEAP6NMM1D8VFVPFPGTVSW,01JFFEAP6NGNB5HVN43ZY69D5H,24931
user144,01JFFEAPDCPWJ711RVCRCF80YW,01JFFEAPDCA63Q53YZH4FVHWC4,6647
user145,01JFFEAPMBBRM3GE18DE6W8CDP,01JFFEAPMBAQJ8PG8WG8AMSP3S,37899
user146,01JFFEAPV20SACN09HAN356V56,01JFFEAPV24E6PVNB0AVN8BDDF,20401
user147,01JFFEAQ1VA6B4EV3QVQSNKKPZ,01JFFEAQ1VGFTQT8PE794P0PGS,19256
user148,01JFFEAQ8N74RX8504F88SA01W,01JFFEAQ8N8CRB5S7V8XV3GXZS,17451
user149,01JFFEAQFHYM06Z5WBQEGM0Z8Y,01JFFEAQFHZKHQFFD0013HS1HC,21547
user150,01JFFEAQPB90CX7TB42TJQ6NN5,01JFFEAQPBB7CZR5PGPR30J77J,18113
user151,01JFFEAQX68X8FEXXKAN1RYTP7,01JFFEAQX654HSZ12GNF08APW5,52305
user152,01JFFEAR3Z4YEPGF47VTM7XQYH,01JFFEAR3Z00A1GRJV3ER46TFB,10029
user153,01JFFEARAQ83WEA2VF6SQFMF73,01JFFEARAQY7YMN5DFD1T0BZTP,36454
user154,01JFFEARHK2CSKHSSSADFM7KFY,01JFFEARHKF05W26HTKVT2CVSJ,9913
user155,01JFFEARRA90HGMZSVM9YZGH41,01JFFEARRAKZ21D1GZ5JQ427S2,37743
user156,01JFFEARZ3MJ354SNTGHEY7BGQ,01JFFEARZ3NCJG1V31JZ66JDXB,14739
user157,01JFFEAS5W652B170DD1D2SZQY,01JFFEAS5WFQNPAHGC69AR53W4,51410
user158,01JFFEASD50MQAJ20EA1RY0YMK,01JFFEASD5W1M54RHAH5K1SVEF,34854
user159,01JFFEASKZRRA2AX2SZP7RT3GJ,01JFFEASKZHPEJ0H2C2M5AYXTW,9548
user160,01JFFEASTRZ3ETA2C61BACQ9NG,01JFFEASTR2G76AF7NEBWDYJZE,15476
user161,01JFFEAT1GE9FGD1M3DMBN9ZRD,01JFFEAT1GWB9F0J2JN4YWPY45,36658
user162,01JFFEAT8A5X3JV4KJJ7PQPSQB,01JFFEAT8AB2655ZZGAVF0QQ7X,34406
user163,01JFFEATF7NKD99K5VF2XZ25QX,01JFFEATF70BP6FKBJJWFXZ67Z,10342
user164,01JFFEATP1YFMDNBCBRN27KKV2,01JFFEATP1ZS6DM1D6YB7CYNM4,20669
user165,01JFFEATWWT3Y9XESX85B44F9P,01JFFEATWWS1SZFYRE4MJAY56T,52582
user166,01JFFEAV3QTGZKJZBPMBBRS1ZS,01JFFEAV3QKCCC4QK4P6MXTGVS,10035
user167,01JFFEAVAG1HM7EXR5TKJ5AS4A,01JFFEAVAGBPEGZWNMXV7ZQ0VZ,9771
user168,01JFFEAVH9SDCW4GNRP452NKF9,01JFFEAVH9HBSDS2H7S923E8AB,9617
user169,01JFFEAVR2358D3A3QAHEJSJA0,01JFFEAVR28BVNPW13EYG1BBQZ,75966
user170,01JFFEAVYTFX7RAQ8NF71ZBXDQ,01JFFEAVYTTJVFCEDFC7NSF5DG,30389
user171,01JFFEAW5KQFD6SPDRTPG7YKGJ,01JFFEAW5K4YP3DSZF0G6N3XSH,15698
user172,01JFFEAWCJA5XP1FRQ3H2VNV6H,01JFFEAWCJ8VXAQYA0MHTJVC1C,24259
user173,01JFFEAWKC8FY3BQC6CDBB36VE,01JFFEAWKCGV1A2CHQX4JK0GDQ,16710
user174,01JFFEAWT6926Y6NKBYVS2QK5R,01JFFEAWT67ETB89Y2NHFMM0QW,9379
user175,01JFFEAX0ZK33VB35E8PMAZ3NQ,01JFFEAX0ZXVF10NR653NDJ30X,19215
user176,01JFFEAX7RHQDW5B3JM37AZKAS,01JFFEAX7RRKY4W3SCCQTTDMS5,10813
user177,01JFFEAXENJY6VA7X7XKA4SEF2,01JFFEAXENJBDBGDJMFBCTXRY9,6370
user178,01JFFEAXNDY93S38S5XB0R6GQJ,01JFFEAXNDPTKKHA9D9VAE4J3B,39854
user179,01JFFEAXW3ARN1CENR7K1XJ9QR,01JFFEAXW325X8WVSDG7B1J6JG,16107
user180,01JFFEAY3F11Y61W6BHAD5H91P,01JFFEAY3FF6CP69R1H7N23T4B,11575
user181,01JFFEAYAQQ65J6N9GZB0YAMP6,01JFFEAYAQ06P8Z7D06BTYT6FB,13692
user182,01JFFEAYHF0A6ZRAJ87FMVNP7K,01JFFEAYHF39434GXMG6ZTGE5M,20840
user183,01JFFEAYR61JT8E8C6WPB8MVDM,01JFFEAYR6747328672WY3RFY9,31583
user184,01JFFEAYYZ1GXQXYNC3E5TBZ54,01JFFEAYYZYHKPBY92HZFAZF6C,23657
user185,01JFFEAZ5QHG45S3QVCJYKBP20,01JFFEAZ5Q5EZHKAAZKFF8YJTG,19663
user186,01JFFEAZCM6F3D3TP3W9KJD263,01JFFEAZCMFA5B8641463DYDPN,6080
user187,01JFFEAZKCPCZY7HV3EBS1V6XX,01JFFEAZKCTHDQ4ASHTT790SG5,46397
user188,01JFFEAZTAMX9RQ1E4CA4ZY11H,01JFFEAZTABJRE54S2AEVAFXWX,8008
user189,01JFFEB011XSMRTE7B4S9A553D,01JFFEB0110YXVCD2CRP88HN9V,117602
user190,01JFFEB07XG6QJP7NYXJKDAQZG,01JFFEB07X6ZQA6SM94BK15VGC,9127
user191,01JFFEB0ER6VMQ5AM3HD7BEFB2,01JFFEB0ERWJEZGHAWSRPX48BG,28997
user192,01JFFEB0NFJ5A9XZCM6SH46P1H,01JFFEB0NFY2N552RR5WKY6F29,5637
user193,01JFFEB0W801Z2KRT0SP19MYJA,01JFFEB0W8MX9XR64Q6W9YZ1F2,13726
user194,01JFFEB131P6JHCH89TBQR9ANM,01JFFEB131CDQZ67GX02HAPWRY,34941
user195,01JFFEB19YVNFPQ6HG3W222AK2,01JFFEB19YHFB8YQSXERGCDW73,16609
user196,01JFFEB1GNGEJMRHS9RG3MP2F8,01JFFEB1GNP5E4YQ5DEQGDYTSS,49165
user197,01JFFEB1QC2SY33C6PQCAQ5EG7,01JFFEB1QC6DZ3RVHXTXFZCNCF,12141
user198,01JFFEB1Y473Y3ZBEX09ETW9CF,01JFFEB1Y4TWGHHH82AVQKQCCK,12129
user199,01JFFEB24X0FHRDKE9KGZ9FTJ0,01JFFEB24XVH3VW3FBZ30H892M,14802
user200,01JFFEB2BZ64BV2MPKX9Q79M9E,01JFFEB2BZQSQWTD4HC7E8RTA0,18021
user201,01JFFEB2K8YEEM3P96E8PQ7NZD,01JFFEB2K8N8JKM1PQ5D1E6TVH,19318
user202,01JFFEB2TVEXHPB4AX25WZ1FBX,01JFFEB2TV0YN4PE2QGC9TSD9Y,9581
user203,01JFFEB31QZR630RNQ9VGC7952,01JFFEB31QMTAWZSK2X6KHYCDR,11609
user204,01JFFEB394ZG92PGKEXN0WBH21,01JFFEB394VQTQJTBNZK1VCF4R,89868
user205,01JFFEB3FWQSSR3WCKAMERMZJ0,01JFFEB3FW72VA6MKDBX4P8QM9,26649
user206,01JFFEB3PKZFF2NZAZD08MZKQB,01JFFEB3PKQTVD8VTKMKEDX81J,50948
user207,01JFFEB3XCBPSE130J7RCM6BPJ,01JFFEB3XCWNHGP371ZA7Q52XS,23873
user208,01JFFEB448ZTZ5Z58E5XCEDCW6,01JFFEB448QP32YTD68CHMY85Z,9934
user209,01JFFEB4BAN98E0AZBED1JYWM3,01JFFEB4BA1EBRD6X582CYGJ55,15676
user210,01JFFEB4J2NMP2TDV7PX1QXE7J,01JFFEB4J2J7DB5H28ZAPE8KGW,122276
user211,01JFFEB4RV8B3369C65JH3YZ8M,01JFFEB4RVEQB878DES0T4YKJ8,11757
user212,01JFFEB4ZKW600Z05BQ3EB33V1,01JFFEB4ZKBFVBJ8TB6YVW9BQ7,41836
user213,01JFFEB56GH4RM57N9JCNTHQN0,01JFFEB56G7675Z9KG8HPNPDVW,37639
user214,01JFFEB5D7C7HEE7FABBH5Y82N,01JFFEB5D7TQ9X61GVBESYP13H,14951
user215,01JFFEB5M93RWKEHY33H2P99SY,01JFFEB5M9NGSA4G6V27QV9ED8,12047
user216,01JFFEB5V37NNX6K18QVNMCFCR,01JFFEB5V3C9C60YKT4X4KPZ1N,20540
user217,01JFFEB61WGBP5JYMJSRYWGFQ1,01JFFEB61W60B6NA3QZQ6T6FP3,5444
user218,01JFFEB68SJ06SPFV3AMKH9ZH1,01JFFEB68S81K38FX73ABQNCV2,10155
user219,01JFFEB6FH33C3TMBNJCH6XQ17,01JFFEB6FHQQ6BGZR6HN0RWNNC,11176
user220,01JFFEB6P9SZNFP7GWY28HASTS,01JFFEB6P93FKHD79F78V9GVMJ,54150
user221,01JFFEB6X579T9STVGVP8V8NV1,01JFFEB6X58Y75V4NSYX6VD9JF,13128
user222,01JFFEB7420H4S80ZJYMS76KEY,01JFFEB7428PNA1DR01QGPZJ6V,34584
user223,01JFFEB7AWD9W7BAMBYPNV8872,01JFFEB7AWAH9TJ75324Z6WQ5M,15146
user224,01JFFEB7HQ6TRFM04TR93GA1ZT,01JFFEB7HQ9P7KDXJ9ZHEPTR9Y,120582
user225,01JFFEB7RFRDCPXR4KCWYYWY9F,01JFFEB7RFR0V2R2MG3DMEZTN1,25880
user226,01JFFEB7Z6HXGAY47VDM3ZXP5D,01JFFEB7Z6QFFCCGN8A0DEBS17,34247
user227,01JFFEB86GJ1QW1382P8TC7NYS,01JFFEB86GE6N6TZ40XQNPS23E,16249
user228,01JFFEB8D7M0FQSHQSYW111D2Q,01JFFEB8D7QDQZMGDQRA6B8DYZ,20742
user229,01JFFEB8M0BGT5PNPB1JYNZMSA,01JFFEB8M00E0VMQES9YGNEAY6,59921
user230,01JFFEB8TTVBRZZYDS0M7AF426,01JFFEB8TTF57N1VZG56FE3AHY,8543
user231,01JFFEB924QGA2V67FQRZSHJJW,01JFFEB924EQP3G89VZTY8G413,15410
user232,01JFFEB98W7RX4K8CRWTEJF291,01JFFEB98W7TSXYDJHQJNA6P34,10870
user233,01JFFEB9FKS432PCGFS9Z8T6GR,01JFFEB9FK7V3ARVFFWV293Z2T,5519
user234,01JFFEB9PCXEPVW0PAEJGY8812,01JFFEB9PCNTBCTED3Z07B9EYP,25085
user235,01JFFEB9X32431BG5DX3ADPA2V,01JFFEB9X3QDXRM0RCA76ZN8AW,16118
user236,01JFFEBA41HB3GZEAT28D62BGB,01JFFEBA41EQQTY843K525M3R6,76255
user237,01JFFEBAAS6SD932HQZ2H5S0FP,01JFFEBAAS5XFCF3ZGFYS7117G,8069
user238,01JFFEBAHJ7408NGWMFBNRGKT2,01JFFEBAHJDM8HY4D9GZVFHQ41,27333
user239,01JFFEBARETBBMRZXGKHDSJTTV,01JFFEBAREZV8CP3ADZ5T9TEBW,53118
user240,01JFFEBB04MXG4WYBAD7KSF5KG,01JFFEBB04GP6T1588H7M5CPTV,16963
user241,01JFFEBB7F7NCHPEF57TCCD8RV,01JFFEBB7FHSWG61F54S9FXFDT,8227
user242,01JFFEBBETKHATK7CDAQZZHMNZ,01JFFEBBETWDYM8YDP1TR3HJ87,53075
user243,01JFFEBBNVNNP98MPFP3EQ5KA1,01JFFEBBNVNSXKSSRXY5AE3879,44974
user244,01JFFEBBWM6BT2C5Q8RBKWV68M,01JFFEBBWMFBKKK1XSXM282ABP,9691
user245,01JFFEBC3G40CE9FW62EBW0XKQ,01JFFEBC3GEVYBY4RFPN764YT1,21094
user246,01JFFEBCA8W5QRAY2N4224GZAQ,01JFFEBCA81V3W2CDBX712ZMQD,9873
user247,01JFFEBCH4GB3TNP0VPE36GZW2,01JFFEBCH4XCER7KGCBB2TPBAE,22627
user248,01JFFEBCR6KTDM3MAT0DJHBANG,01JFFEBCR6Q1XSBZB8JFBY2V5T,38643
user249,01JFFEBCZRYPG4ZX8SQ1MW7AMM,01JFFEBCZRPQRKNXDZBFBG7Z2T,18166
user250,01JFFEBD6GKQZR8C7G0RMK1DHE,01JFFEBD6G4306HZXE780PZ5G5,26955
user251,01JFFEBDD9VH9STVWETQ43VGHD,01JFFEBDD936CN6BRRQ7RAK9M7,18062
user252,01JFFEBDMA2HBG6ANVSMPD3TCH,01JFFEBDMA2JRT8EGDDXD1WDJS,11893
user253,01JFFEBDV8DDNNVBE52QPRC7Q8,01JFFEBDV8NJ35WFMY6F6GZ3BF,13542
user254,01JFFEBE36ET2PNSN3DRF4Q25H,01JFFEBE36ZG5FHSFTF2WVB3MQ,26562
user255,01JFFEBEAV8A6CHWRPWYFABWQJ,01JFFEBEAVQ0V112BCMMAGE89M,108080
user256,01JFFEBEHRAMTVM093772ZNNTK,01JFFEBEHRK01669R69X15CNMJ,22284
user257,01JFFEBERNQ3SJYY32B3N6F5ZD,01JFFEBERNMHYCGK0FPM41FY25,13811
user258,01JFFEBF00N1JW2VNPF4SWXHY6,01JFFEBF005KQ1ZAJH6BKXDC63,5139
user259,01JFFEBF6Q0FCCGCAB631F27PS,01JFFEBF6QYMN5DEDCWK0EHV5S,9061
user260,01JFFEBFDKM4S84N050R4FRZS4,01JFFEBFDK8VS4EDMHZ634PYR0,30855
user261,01JFFEBFMGPTC6E22WNH9QGX2Y,01JFFEBFMGZ38X1ZZED3VE4YVK,42723
user262,01JFFEBFVQQF0T22MDHGJJP6EJ,01JFFEBFVQ4K4K6GS0V7XR67NE,12351
user263,01JFFEBG2GKAEF1BD3A26YX87T,01JFFEBG2GRRY1M0K5XRDGMJ9A,7866
user264,01JFFEBG9HE67D5C3GEBRCXNCF,01JFFEBG9H1YD5N0SDWJ73GQX6,21152
user265,01JFFEBGGMJQRH3S3HET7M6TY8,01JFFEBGGM985B2TCR39Y2HQ28,11320
user266,01JFFEBGQGDF2Z46CP8F6YFDG9,01JFFEBGQGJQDMYM2K14T2V463,27200
user267,01JFFEBGYQ5YBNMB3Z185757B9,01JFFEBGYQN3TY5PMKADRCX8SK,13023
user268,01JFFEBH5JT1RCX1Z6K7BXV3XD,01JFFEBH5J6E8Y1WAEH1VFHJTZ,49348
user269,01JFFEBHCPZ2BKN00HXXJRSX5J,01JFFEBHCPEDS27HPMPYKH8RVD,97522
user270,01JFFEBHKFRBR11DR3BJB4FFJ4,01JFFEBHKFXQ2GR0659JMSC1TC,17727
user271,01JFFEBHTEVBMWBSE576DSFCRG,01JFFEBHTEJDXF94R17206DVG2,9805
user272,01JFFEBJ1EWZ0RT6D5YRTMKQR1,01JFFEBJ1ECBYB9RYBTQQHX1NJ,12886
user273,01JFFEBJ85HBJMF2HAA771M079,01JFFEBJ85Z2DBMARWDY1BD030,6515
user274,01JFFEBJEXC4N0H81241XVXWSA,01JFFEBJEXP13DN2FVCVHMMJ07,17825
user275,01JFFEBJNPB4D9BPMBQEP3FJE0,01JFFEBJNP6P1NNKC08WH87DN8,40947
user276,01JFFEBJWZKVNPNBMY3DVMSTH0,01JFFEBJWZHZN2H0FS6TBMZTNW,24443
user277,01JFFEBK418F35X7R61MZFJR52,01JFFEBK41ST7R7JB9BPRZWKA3,15025
user278,01JFFEBKAY1XCCK7HNWKE19C7B,01JFFEBKAY01QGNSGVBG3B7CS9,193346
user279,01JFFEBKHP8194R2VZ9GYB1TF3,01JFFEBKHP7CWR9GAFB2GKKJXZ,35370
user280,01JFFEBKRJ02Q74MQ6QHPKGE17,01JFFEBKRJHYHEMSAJ195HV4BZ,12226
user281,01JFFEBKZEJ35SX813WR748DAS,01JFFEBKZECSK4ZW4V7KYT4851,25164
user282,01JFFEBM67ATQQ74AP0RB86WEH,01JFFEBM678CFRRH2CP167T0BA,29008
user283,01JFFEBMCZ5VNR4YPM4RSC8A90,01JFFEBMCZT59BWMAX004TNXZ8,49451
user284,01JFFEBMM3PXQXX6T28D8KMTCJ,01JFFEBMM380Z814RDRZ9TXPXW,46907
user285,01JFFEBMVG0TSN6NAT00CTE4D6,01JFFEBMVG3541E09FC3K4J0SW,10438
user286,01JFFEBN291RRACR90PCBXP531,01JFFEBN29QC1MBNZ3G64BHTZ0,11976
user287,01JFFEBN90D1Q8TC8P674XW55K,01JFFEBN9058RFBTNW88RYGQJJ,28867
user288,01JFFEBNFQJYSDZCF3J6E4VAPD,01JFFEBNFQGYDKYA70MYJYN7YG,75651
user289,01JFFEBNPK26KCE7CZBPHDYGWR,01JFFEBNPMQXCNWTCJCKSWBR0E,15376
user290,01JFFEBNXMK73BWXKZ0EXVAP1X,01JFFEBNXMQBJBVX01HC61EBB2,102692
user291,01JFFEBP4E8QR43MDJ2A6GGSJR,01JFFEBP4EZ3VC7819M41YYGZA,16379
user292,01JFFEBPB66GHNAN36QFTJ7JT4,01JFFEBPB7TXACY4XEC82F9KAK,7843
user293,01JFFEBPHYJEJKR251KHFY020N,01JFFEBPHYDRMX3H9EQ426S3DC,8281
user294,01JFFEBPRW529E91RBQVAY7DW4,01JFFEBPRWCJ552NM4ZZJK88CN,42329
user295,01JFFEBPZNNV6KJQ86N67PGDV8,01JFFEBPZNR4F1VQ09V9KW9P72,15332
user296,01JFFEBQ6K2K1DZ4XWFYD9A1EG,01JFFEBQ6K7BQ19MEM4ECHDKHQ,49875
user297,01JFFEBQDHFNNJS890SDTW6CFN,01JFFEBQDH2NYTXQWFCWC4GG64,6292
user298,01JFFEBQMCD9P86ZYNJY2MME5Y,01JFFEBQMCATCQYEN58FKB1JQ1,19861
user299,01JFFEBQV714AY08MSAPNSQH84,01JFFEBQV7KN6DDYTB0WDDQ6M6,22835
user300,01JFFEBR1YGB7FCH1R4D8PRR0G,01JFFEBR1Y8C2H9YFQZZEJ92HC,8312
user301,01JFFEBR8VDSH8PW4SJ0RDXJFQ,01JFFEBR8VB4HE9BZTAE27Q8E4,27052
user302,01JFFEBRFSNDCZM0FXKXNTSA73,01JFFEBRFSM8FDM41BKJ7FY3J7,14311
user303,01JFFEBRPPBS295840NWT7TP6E,01JFFEBRPPG3T02E9C3VKHW389,17391
user304,01JFFEBRXE145T08HY08SD6PRM,01JFFEBRXE4GXZRHBK1C14ZE91,29590
user305,01JFFEBS474SFPP1AYT448PH63,01JFFEBS47JK9HQZ4AXXTCJAHW,10230
user306,01JFFEBSAYF6KZYXDAHP4PGXQH,01JFFEBSAY2WCM3HNW5AF4Y7TG,22962
user307,01JFFEBSHQR8RGZX11SMZ0C5ZG,01JFFEBSHQ98N0MNSED39463TG,25885
user308,01JFFEBSS5T5FADRVET61EQ77P,01JFFEBSS557JPZZC2VP6S4YT3,35759
user309,01JFFEBSZXTSTBG2WEK2H6RXM9,01JFFEBSZXJK0EEK2KS1BAQQJT,30944
user310,01JFFEBT6YYTW0MY9QEWY6NWHF,01JFFEBT6YRKFRAJ5FN1Y80HKK,34429
user311,01JFFEBTDN4DWYDSVYJNJF7F51,01JFFEBTDNZ5TZ4ES6TV4FHKX2,24108
user312,01JFFEBTMH49HRFX909CPSM4XE,01JFFEBTMH6C69VAR1RVMC3MHY,12989
user313,01JFFEBTV8NPQTDB35ZAW30DC3,01JFFEBTV8VCMRXWQBE3YM4ZPN,13166
user314,01JFFEBV1ZPAYRWP8CKKNTHG10,01JFFEBV1ZQWNQFV7CTK73YSTE,17971
user315,01JFFEBV8QFD17M644FC05YB8T,01JFFEBV8QAYP7YKJM2P30QBF7,16483
user316,01JFFEBVFEY4P9S4B4FAGHXEW4,01JFFEBVFERHR5MT9XXKKFQDSM,22888
user317,01JFFEBVPA60XDQMGEHYWY01GW,01JFFEBVPAR516373YBCBSS2S3,8788
user318,01JFFEBVX2X5KG9WT3EDS912QJ,01JFFEBVX2GGVCSY14DCBK1W5J,42420
user319,01JFFEBW3V6QJZSSTH2X29XKJ4,01JFFEBW3V27PNRFC0S7GRDA4R,29119
user320,01JFFEBWAMHKWPHH5WPC1JRJVZ,01JFFEBWAMYH26QQYSKG06W704,17420
user321,01JFFEBWHFD77F3XHZA17WZWB7,01JFFEBWHF31R8AD4X008W38XT,125524
user322,01JFFEBWRDJJZZYYVN051TG87X,01JFFEBWRD64CCXKHNGA5P7276,68228
user323,01JFFEBWZ50HJVAJZJK4Y8GB8Y,01JFFEBWZ5HMM2M6S53NJYCSTV,15310
user324,01JFFEBX5Y203TZ1R77TJF8TFG,01JFFEBX5Y2EVYE0QYA81MQNCS,16550
user325,01JFFEBXCQD1A4201N2CG58AP7,01JFFEBXCQYM6NK71QYR7WWAWG,45411
user326,01JFFEBXN3EYQ445TDH92A70HR,01JFFEBXN356W3F9VYTPRD3MRF,25202
user327,01JFFEBXVZJT7TWJW5XNGKVQTE,01JFFEBXVZ4TH6SKGEJ5WVQ0RP,141193
user328,01JFFEBY2YEX54YREPCKCDSDY4,01JFFEBY2YCYXDYG2G1GQYFHYN,18252
user329,01JFFEBY9QC468P191H4Y6K3H4,01JFFEBY9QW10V20KHVS1V61J6,14531
user330,01JFFEBYHJARXC56QHQ5DKQ2SM,01JFFEBYHJYPWF0RXYX5TKPSH4,13521
user331,01JFFEBYRB32RF307CNH40E7MT,01JFFEBYRB3Z1SEHCRAJH2ME9D,62016
user332,01JFFEBYZ2A9VXTVDZCBC9XF60,01JFFEBYZ2PS3Z6X97FQCQCC8M,19522
user333,01JFFEBZ5S3MFBZG0A2KV2H7QC,01JFFEBZ5SGS0SR4JJ4F0XP774,55405
user334,01JFFEBZCJSRY3NDRMTP95RMKZ,01JFFEBZCJ1N2TESPB2HE1MV3R,16970
user335,01JFFEBZKEQBFAXQRZXNF8R8FX,01JFFEBZKE674SE1GBMJYHNSGX,5212
user336,01JFFEBZT59E4B3DWXM30D7RXM,01JFFEBZT5T802CBDRP4W7XWH2,42995
user337,01JFFEC017WEHH1JP3ZFCVAHZT,01JFFEC017ADTFSEEXEME6BQSK,8052
user338,01JFFEC07ZV7DQYNGE8BF7XTEP,01JFFEC07ZKGFD91P66A8K8VHW,73120
user339,01JFFEC0EVJ0X1BGB6XQX578ZF,01JFFEC0EVW4E99VAKMF7JN71P,6276
user340,01JFFEC0NMX220YDEGX8YBKBCF,01JFFEC0NMQEQ9MW225S34T0SG,11588
user341,01JFFEC0WBWTDYS8T2QX2FRHW4,01JFFEC0WBH7BG01WWXAWA7NMJ,48438
user342,01JFFEC135WZ6QVV3EXP5N0E71,01JFFEC135PMYDKSPYFMQ84E0D,5147
user343,01JFFEC19X0MEXW2FTQH0Y1WPZ,01JFFEC19XT85H4ZYGSZNZGG10,5189
user344,01JFFEC1GWE0VZR9B787CXD78R,01JFFEC1GWWFQ2040ANJ1DZ7RF,26805
user345,01JFFEC1QKCH3GWCPFJE7KGHWP,01JFFEC1QKAG73PMVVGNN3Z6D5,40615
user346,01JFFEC1YCNTYZR53B28PRFFQQ,01JFFEC1YCS8911TZMTJHC73NP,13522
user347,01JFFEC254YB6JY2A7CSNTAZ9Y,01JFFEC254DZ2KF28R39PNQHM8,13954
user348,01JFFEC2C1YFAG30V4JMSHABA3,01JFFEC2C16M73ZX3VQ7AJCQ5D,23340
user349,01JFFEC2JYWW3N8EBGDFDPJJ7T,01JFFEC2JYSHGAP0XB7BX6PWK4,10773
user350,01JFFEC2SN1578BX1FK853BSC1,01JFFEC2SNWJ5VSKBV2MT5A2XJ,35349
user351,01JFFEC30D66S90DC4YV9VN3QR,01JFFEC30DBMTV1ZHN4ZPQJ062,5053
user352,01JFFEC374TSBJC30MHD0TW5Y5,01JFFEC374G0FAJ93JYGYJ7FKN,10346
user353,01JFFEC3EK34826TG82E7Y50Q7,01JFFEC3EKXD75M1PK40H2R6FC,25818
user354,01JFFEC3NDA056Y7TD4N0R7GPJ,01JFFEC3ND4P3EX1WJN8F7PYK1,19086
user355,01JFFEC3W530WB0M1VB0FFWWHJ,01JFFEC3W5EE2DZ8WBJACTPTJQ,192769
user356,01JFFEC438TB31M4P4VK77ZPEN,01JFFEC4389GSF5Q32BC4CABMC,16302
user357,01JFFEC4A0EJ8WDE9W7J8G41XY,01JFFEC4A0NMCBBN34567C3PJ6,66219
user358,01JFFEC4H5JK9RRKNCXXBXFNX5,01JFFEC4H527ZR756MEFGENJRK,65083
user359,01JFFEC4QXH967JHHYMFMEJ76X,01JFFEC4QXMRTCYM4EMARW2TGP,7469
user360,01JFFEC4YMF732N6WCAQ68FQG8,01JFFEC4YM8MMAYQ8T3TNTBBP2,13183
user361,01JFFEC55BQ2WVJW24NZKSEB59,01JFFEC55BQVAPKV730HR1Z6PE,13490
user362,01JFFEC5C8DKVTH3H04HE5VR3P,01JFFEC5C8Z5A4D5PMRN8AGZSP,36554
user363,01JFFEC5K38QD824K93VH5NDZ0,01JFFEC5K30NA49WZ4K2HG2B01,8750
user364,01JFFEC5T1W57N36BMXWCV084V,01JFFEC5T1P8CMXQQS1SW5S8MC,153215
user365,01JFFEC60SNFJV7HMKR8KDNABR,01JFFEC60S6M281Y74RNFFQ1EM,23129
user366,01JFFEC67HX17TTJ5D6TNRJ1AC,01JFFEC67HPYHDQZ9DQ3A0EFFA,15147
user367,01JFFEC6EF7TGMQHQD0XEK9DWP,01JFFEC6EFGTY5DDN3FY0KJRH8,36500
user368,01JFFEC6NHNGB8DW3FW4HRHPCX,01JFFEC6NH3Y0YQDZV82YM9MBG,17380
user369,01JFFEC6W9ZN4RSNB8D0X383CZ,01JFFEC6W9B9S44S0TNXH8ZBPG,52537
user370,01JFFEC730X3EWP2FX7A7WZVJB,01JFFEC7308DHKY6V5SFZYD2CW,13128
user371,01JFFEC79XGZTJ3NMZ2C74XA4Q,01JFFEC79XP3WYJAEQZG95ZTBG,20985
user372,01JFFEC7GRR63R5N696SHC53C3,01JFFEC7GRW0QWAVAZ4S8HQ2QW,30869
user373,01JFFEC7QJR75AFA9TD19YS59Y,01JFFEC7QJ3HG08Q0G1KZEBX2E,15249
user374,01JFFEC7YA3KBCYSY4HE6Z5PT2,01JFFEC7YANY9MXG1PY4NVETQC,24961
user375,01JFFEC852WYXZJ7FYDA52N6F3,01JFFEC852A42M77Q4W1PKVAXF,11030
user376,01JFFEC8CP5XQ5RJMHT6FNB8PK,01JFFEC8CP6GMECVFQ85WKCFMN,5644
user377,01JFFEC8KZEA5P6EM6W105CAZ3,01JFFEC8KZSWY6MRNYRV46AXM5,33672
user378,01JFFEC8TXMQPS26TJXMZRXD5N,01JFFEC8TX44DKEP1KC39N783P,47985
user379,01JFFEC91N673EF6ZXRQDEW9QG,01JFFEC91NF5HQ2S5Y8FGTX3TD,10162
user380,01JFFEC98HGFPW0H9A45F9Q6MW,01JFFEC98HH8DPCZ5CD8N2JDVQ,23311
user381,01JFFEC9FKKMFTYCAFQ4BSR498,01JFFEC9FKAXCZVQ048R32R768,43273
user382,01JFFEC9PA3MAQ19G0YZGH9GXJ,01JFFEC9PAE9NY8TKR3AK5AVQ6,14027
user383,01JFFEC9X215DC6GS4QPMYKF16,01JFFEC9X2PEFQENNDB8E38A1N,45820
user384,01JFFECA3T8GX3KHSH0XJTTC36,01JFFECA3TN8W2VX9J8PR20RST,30934
user385,01JFFECAAPVW7TH0HDW9HWVK9H,01JFFECAAPRGDCKMAXTQQFPQK0,46536
user386,01JFFECAHEYW1XDEB9PRP0DXV3,01JFFECAHEJ0D9MQEWYH7NVRDR,96062
user387,01JFFECAR7RNVJXK46XXCWHZKM,01JFFECAR718QMGWVKSSPJG0G0,99921
user388,01JFFECAYZB6991Y3D3X6MGN57,01JFFECAYZDVBP9FKQ9VMEREX1,14092
user389,01JFFECB5TKNP7KZ27PCCTCR02,01JFFECB5T3W8Z6K5W8FEC57ZF,17940
user390,01JFFECBCJYPHGSXA6T5JD2Q6S,01JFFECBCJMZV1W9TN3HBVEGXY,28406
user391,01JFFECBKADY8DJ2FGP7A4H1N7,01JFFECBKADWSHV1EBD6DH0S9Z,8031
user392,01JFFECBT21Q548EGW7BC856P8,01JFFECBT21K0MC630AZE2JQFM,29444
user393,01JFFECC0TF0AB2Z91G9GYNG5S,01JFFECC0T447WPZ6TM9RF51MH,28390
user394,01JFFECC7PMWXZZPJJ4N0CBFXZ,01JFFECC7P538A7Y4RWEYH4EW4,24482
user395,01JFFECCEE39JZ0TSQCYT2AZGT,01JFFECCEEM9D3NHTXEBVKSBGE,31916
user396,01JFFECCN5X8JN0HDPHXQDDK65,01JFFECCN51G656NZV64HKEKW8,11353
user397,01JFFECCVWAEE738QFK0MY6482,01JFFECCVWC2R8891CA64ATQDS,16441
user398,01JFFECD2MM4VY7TCXGJFQQ0G7,01JFFECD2MFKYEK4R661Q12BMM,35152
user399,01JFFECD9ZEY5H0KW5TPCNTX31,01JFFECD9ZS5Z9K5W1C5N74HXG,33517
user400,01JFFECDGPK0DTAPPZBXF0AB5K,01JFFECDGPKKNJWTWRQH1BM0MQ,10303
user401,01JFFECDQDVPR499H8E6ZF4MTM,01JFFECDQDP1HYB0V1TT7X3WJ1,8054
user402,01JFFECDY5QYS0R48WQAW8BNRG,01JFFECDY56N83PRV017RTFEJV,26765
user403,01JFFECE510NYP8957VENHB035,01JFFECE51HRS3YSWMECP4VHKW,12339
user404,01JFFECEBTW20VGATKS4YPC0RP,01JFFECEBTYF89HKTCNRQC7SEQ,13739
user405,01JFFECEJHMHP15J8NCVTVCYJZ,01JFFECEJJG6MKB9VCKPT7VV2N,44033
user406,01JFFECES9R4EB1FXE4NSBJGEP,01JFFECES9S1QJ9MA5582FPX5A,20216
user407,01JFFECF00NEPF1R7SPVZA8F53,01JFFECF00NFTFKB8Z22KQR7E0,10107
user408,01JFFECF6WZADWK478M00C9HNK,01JFFECF6WS49WF26EYBQ2DNB1,91091
user409,01JFFECFDKC4Z4SJJQETQ7K767,01JFFECFDKXY2DJN1D0QQGBBM0,35629
user410,01JFFECFMCPEF7BCDNRQFNWTAH,01JFFECFMC6ZJ74MBXQP74NH4E,7371
user411,01JFFECFV4YDCT6NGN86AT10KP,01JFFECFV4CDSAWVZR68ERS0PF,8448
user412,01JFFECG21YE01MKXNPC9G89DZ,01JFFECG21CV870TR1770T3VKZ,11181
user413,01JFFECG8ZARNHG0B2W3TPNA5Y,01JFFECG8Z1CZMJHSN6AJMA0GQ,54993
user414,01JFFECGFRN4B7MPD2R6B2VTPB,01JFFECGFRQ4YJN0NG326ZSW31,41785
user415,01JFFECGPN3M5DBC2GCNBXFYB0,01JFFECGPNH1EH9GA36VRVS1ET,35681
user416,01JFFECGXD2S3Y3VVWX01Z195F,01JFFECGXDMD4MDF7TYZWDDNWW,13140
user417,01JFFECH496HAMESCHW38MHRQM,01JFFECH49391MF17ENTT6HA13,53384
user418,01JFFECHB4393Q0BNFT5P0FNMM,01JFFECHB4B2H3TGS83F7EVNKA,8256
user419,01JFFECHHWJA597PQW59SA5XRY,01JFFECHHW62DF10WVJM2NE8C5,34981
user420,01JFFECHRMGT7K5JGAARAAH1CY,01JFFECHRM77AF4KF13B28H5A9,28617
user421,01JFFECHZC2NGRT66YMDBM73P9,01JFFECHZCMWXKXC49Y45C2C1C,5816
user422,01JFFECJ6QR17JZP94RAE9KQRG,01JFFECJ6Q0W1MM99T5ASC3QRA,13930
user423,01JFFECJDPMRJD1XVMMETYS2A9,01JFFECJDPNTE5NHP21HJ5BM7G,8463
user424,01JFFECJMHH2EHSSNHFQ471XVP,01JFFECJMH37ACT82N5BT0SDH7,33335
user425,01JFFECJV8SG3N2RNGEF7KE88K,01JFFECJV8HY50J6KMYZ99JJAN,106459
user426,01JFFECK24PSP0530Y4G7BS4HY,01JFFECK24Q3XAHHT09AQXX51J,23677
user427,01JFFECK8WWXS264J2JXXWD0GJ,01JFFECK8W8TSWF8EJ3K887EGA,38295
user428,01JFFECKFK45E1BW8MWKM7E5A6,01JFFECKFKVVQ6H410GAAPEHH8,15976
user429,01JFFECKPBS4WTQBV9FMA74THV,01JFFECKPB6GKPD8F7ZBA9JEEK,6091
user430,01JFFECKX38D6HDVAVWCR3S42K,01JFFECKX34YSBY0XATJEHJY63,50190
user431,01JFFECM3Z6SXG2AJ29X8GWD0F,01JFFECM3Z326P5W5K99JBT552,42991
user432,01JFFECMAQVPBYCVPX01WEZ015,01JFFECMAQYY2CVWQ5MMB3W8RD,9614
user433,01JFFECMHFRH0JEE2QTJAP169Q,01JFFECMHFH0B3RVRQXPBKWPW7,28812
user434,01JFFECMR7XMTNAWPBP22SFZZW,01JFFECMR70H4PCGKDWSVSHJPY,60847
user435,01JFFECMZ3V9BCVBNA2ZXT0Q4R,01JFFECMZ323VK34AHV3A4G81T,33461
user436,01JFFECN5WWJVY1ZY7YRRDDWVN,01JFFECN5W589HJEGP3ZYXQP7P,193330
user437,01JFFECNCKN5RCGZYTZHZJHEBZ,01JFFECNCK8Z1AG9NNCSGVVMT9,19517
user438,01JFFECNKCQKFDFEJ67XMAJF59,01JFFECNKCT0D29J707RV9V1TJ,22656
user439,01JFFECNT37J2RR8PZ8GDKGW9T,01JFFECNT35YRN14BXM09RXTKA,42145
user440,01JFFECP17EMJRK6VHAGP3XRS1,01JFFECP177649QJ1Z54JFVBD2,11015
user441,01JFFECP7Y4NQNTYV268RSA0GD,01JFFECP7YPK0X8RSXH5GDK0N4,69658
user442,01JFFECPEPXSGYAK41AVV8S26G,01JFFECPEPSDFV2Z01A2KD80SF,94927
user443,01JFFECPNDPNY3D0ERRG5P6E76,01JFFECPNDR2HP7YX3TERWV9KS,58112
user444,01JFFECPW4ZZ20T1Y5R0J3GQHK,01JFFECPW4EGMRYV8JX6QSC93F,8432
user445,01JFFECQ3M7Q5N6ESNKX40193E,01JFFECQ3MGQ3GD675KYC0QXP3,54763
user446,01JFFECQABRH4D004ZGWKRDK77,01JFFECQABK353F04MT582FRXX,80059
user447,01JFFECQH2GTW7HD62P1Q1Z5WJ,01JFFECQH2PEM7GAGAH04VP05R,15005
user448,01JFFECQQTN4XP70Z4G6TW576E,01JFFECQQT6AC6VE7V5JARPW63,12655
user449,01JFFECQYN6M0J9QW0SMSSK7JN,01JFFECQYN2GS725JVA5GRQ8E4,36802
user450,01JFFECR5HTNVSTF26X9EDZMBT,01JFFECR5H62NPHAZE7TGYR6YK,50495
user451,01JFFECRCAQR49TTM937GJ1HNZ,01JFFECRCAV2T41KHD36W08W6R,72207
user452,01JFFECRK1DS24A7X3S46FZKD9,01JFFECRK1PF6C9Y7918009YF0,6104
user453,01JFFECRSSW3R5SH4MDH1DFQ9Q,01JFFECRSS3WJK7Z6Q96SVAYXF,29355
user454,01JFFECS0MVFPAZ0PJWRQQHZ44,01JFFECS0MTD2MT9NPYVCXRWFB,14479
user455,01JFFECS7D8PMANP2HMXW6EZZM,01JFFECS7DV1CRHKKJ1Z6FH3M0,21095
user456,01JFFECSE615DNBDNRZD1PK6YR,01JFFECSE65A26ZP0BBV8QJMQY,36693
user457,01JFFECSMYRZ0NCGK6RMFKGZYE,01JFFECSMYYRJDCEXPWAJD2WY9,11104
user458,01JFFECSVVS4PC01ND2PHAKY75,01JFFECSVVK37WV8FER0DSYCK2,22191
user459,01JFFECT2KCCM51F0PJ8WZYT1J,01JFFECT2KX98G7HWE2Q8K5AJ8,18330
user460,01JFFECT9A46KZV7EJXPA0JJS4,01JFFECT9A33B5KXPJXYBSXTTV,17237
user461,01JFFECTG2HJ9F6AAKC3RVFJ0X,01JFFECTG21FANNDG4VTPJ03KX,66635
user462,01JFFECTPT7RR1FS57DG7RWED2,01JFFECTPTKQRBRHTEKQ9FZS70,7244
user463,01JFFECTXQ60BMPBB695PPA897,01JFFECTXQGXSNN3SR9QFH9XNN,20189
user464,01JFFECV4H6V6DGQTFKEE8GA9P,01JFFECV4HDNP285811YR56CRM,20865
user465,01JFFECVB8QCF76JCR2NZ7W48Q,01JFFECVB8A43HKB20YCFDME9C,29644
user466,01JFFECVJ1YC7SJ7HZ4TRGD66H,01JFFECVJ1FEBFZQ71XDCK5KZ5,29592
user467,01JFFECVRS7TTJH6H0Z5M65TW6,01JFFECVRSYE5GCCE28AQDY35X,44327
user468,01JFFECW06020630SWNGXNM0N0,01JFFECW06E5GVH626KPE6WNTR,24998
user469,01JFFECW6XAJAGP1RSB6WFGKAG,01JFFECW6X1S7N938KQ1X68MQH,73231
user470,01JFFECWDN1Q7D0YRM5Z0NF7F5,01JFFECWDNZ4CWCHDY6ZYC2B5M,17133
user471,01JFFECWMC0Z7AF2YDNJ488CNR,01JFFECWMCTBSAAYPSRN0MVS0W,25338
user472,01JFFECWVQT04S0FJ97S5XCFP4,01JFFECWVQFRE09BGBMEVMS7WP,37356
user473,01JFFECX2RC2T596WYC7MTZPYY,01JFFECX2RDTBQ97V8009657RV,25729
user474,01JFFECX9FZJ8VJQ5D8QA8APV2,01JFFECX9F5S78TYM21D56FZED,33555
user475,01JFFECXG7VCWY08H5N956K2H1,01JFFECXG7X9WCX2GCH5NGWE8R,12473
user476,01JFFECXPYEKP1FPW6KZ6X60NC,01JFFECXPY0318186SH9PVRVW5,12056
user477,01JFFECXXSXQCADH7B0CP0VTA8,01JFFECXXSQZWYSB8MK1B9Z7SS,9799
user478,01JFFECY4G9B0B9MH81CPCP15D,01JFFECY4GDSZAJY67BY06J9HV,12004
user479,01JFFECYBBNV3J1WS3TB407G68,01JFFECYBBV04D155XNF8D15Y1,143176
user480,01JFFECYJMY57KQN04HH7SQQ4D,01JFFECYJM61Z6H2E7RX2KAB8J,43107
user481,01JFFECYSHF1GSYX4BQXJ0M3Z2,01JFFECYSHKQS8MK4HR2GW77HE,27556
user482,01JFFECZ10QZJZKH688S51KJK0,01JFFECZ10T3S4389R40NAMZ85,15195
user483,01JFFECZ7RWJFM6KE3HNDYRM8F,01JFFECZ7RWB1ZZCAZ0RH7KRSY,11290
user484,01JFFECZEHHHWS0T1AFJA2EPCA,01JFFECZEHM18Z15438SBWJZHA,23707
user485,01JFFECZNBHWKY4DJDTH7J2YYR,01JFFECZNB0EMG5P3C2Q3YE2J9,19505
user486,01JFFECZW7TANAWDSHSP3X1NNT,01JFFECZW7TNQ8M6J78VR7TK28,14118
user487,01JFFED02Y5XJ32HQRXPM3ESXD,01JFFED02Y9SR1V8Z7BARXBEWM,21628
user488,01JFFED09SAYG0A4MK0TQZJ1F4,01JFFED09SR6EXP99YKMKBGHPM,23185
user489,01JFFED0GGW4AM5SRV4W2XH6YX,01JFFED0GGEFB403BHDAAFK87H,16933
user490,01JFFED0QTF3XABVBV5FM0QPBS,01JFFED0QTQP57QT890W5WR1K9,16868
user491,01JFFED0YM59HZ6D936X0E042V,01JFFED0YM59CTBATD96FZM34S,20927
user492,01JFFED15C0BYPVXS11KKT6XCZ,01JFFED15CAMY0C0VJ11KWGXA3,5028
user493,01JFFED1C34NW7TFC1V59EH7DY,01JFFED1C3VGZ86CKJQMNDWHXC,112342
user494,01JFFED1JTFQPKD72ADX7CE466,01JFFED1JT6Q2DPKEHVY8J3GZA,25885
user495,01JFFED1SP0JTRHPJ2G0V4HC5R,01JFFED1SPKGMW84B9DQP97YAD,22197
user496,01JFFED20EXM3NHR77GQXM3DAJ,01JFFED20EM8297N0J0007KJM2,28410
user497,01JFFED275GY9T4J7ESPWNNR7F,01JFFED2756ND1G0WA04W3DR1E,6121
user498,01JFFED2DY11VB2R5SCGWVKQAE,01JFFED2DYAYHN61YXGYGDE2CW,5340
user499,01JFFED2MS457FDFT2YFCPBQ86,01JFFED2MS94AGMDK1MGYEK98E,36417
user500,01JFFED2VHG4B7BQPW20JP3E1P,01JFFED2VH72NCXCMR3J7XMD1Q,83017
user501,01JFFED32993EHY7D5038A1YRA,01JFFED3293CTFAFBDMS0GW6WJ,8667
user502,01JFFED3918KRKNXGZARYEVEBT,01JFFED391PE07JD9C6RKZNDBE,26435
user503,01JFFED3FT4E0Q5J40BPB6A8C3,01JFFED3FTTPAVT8PY3ZH4W4ZZ,14147
user504,01JFFED3PRG6YPTP8EPKT84EQE,01JFFED3PR5SXQSHF6ZJ8ZTKS3,62599
user505,01JFFED3XFS1AQZMC2T33P3H2A,01JFFED3XFEYXQ0A2AK82SF7MT,10126
user506,01JFFED447XNVP95ZEC0VZBRWN,01JFFED4470ZX75YQAQBC2M67F,52255
user507,01JFFED4B5KP1S66KPCXWMKNSW,01JFFED4B5RZPTW56ZB8107Z6Z,32601
user508,01JFFED4HYHPTBQFMRZ0QAD4PS,01JFFED4HYF5ACYG1ABF1FZFJJ,29729
user509,01JFFED4RR6XYR2HYR1R6YXYES,01JFFED4RRKV0B7SZFVRYQPMR3,11174
user510,01JFFED4ZJ108G558VQM0X5RX3,01JFFED4ZJ6WRWYNZF57YS3DNA,17241
user511,01JFFED569J5CCD8H6EGSX0C45,01JFFED569RGSCF1CJ7496PEN7,8039
user512,01JFFED5D0GBS1HD350K13JVMD,01JFFED5D0PCQJB9MEGRHA38F5,12948
user513,01JFFED5MCR1HR0YKE64JFTBQB,01JFFED5MCA7F16JWCM91SF8HN,29688
user514,01JFFED5V4P2E7EC6PY0R68B82,01JFFED5V4MHFWN8ZN96DGVCKW,6485
user515,01JFFED61V08V8Q2QKF2MEP2CS,01JFFED61V744WWM7HRMS1106V,8936
user516,01JFFED68M8R8H15R0QSAKQ8WA,01JFFED68M3DQVW9ATSA270G9Y,30205
user517,01JFFED6FB1V3H9JN7T2CJ3P6V,01JFFED6FBY231R79Q31CXCTBS,216197
user518,01JFFED6P8M0RZE1KV6DP0EVEN,01JFFED6P83N61K5X36T9CZ0CR,17538
user519,01JFFED6WZ0GJYPN7HYH532C2A,01JFFED6WZX8Z8D0EM8EGRHY79,31884
user520,01JFFED73PGRK302PRVZAH4424,01JFFED73PJZCE44KJ755BSAGA,77734
user521,01JFFED7AD4WVKTMVMDRHGNS5R,01JFFED7ADHY0F3Y0T2FSDTRAE,10486
user522,01JFFED7HA04VJ1H2RHQVZ8DEY,01JFFED7HANKZ1J90NK3CJES7N,74418
user523,01JFFED7R23BT0E2TT4N66C2TP,01JFFED7R2Z3QHK6WKJQ9PWRN6,28568
user524,01JFFED7YSJTCRNCV5T7NRZYNY,01JFFED7YSHDGXTDW65JT88T2X,58427
user525,01JFFED85H9NAFMGWZ73H7342R,01JFFED85HNZXWHB92YXHK9702,28525
user526,01JFFED8C9MC4G12G6F2E28S6E,01JFFED8C9QBJRRYF1KAGX6YT4,136943
user527,01JFFED8K761SBAWMC6G91D9KV,01JFFED8K777W2QGJ96C09JJ9Y,55076
user528,01JFFED8SY5JQ4EH8SVC3SJDMY,01JFFED8SY8CNBZNHNX7BBS49B,18362
user529,01JFFED90QRCDN4RRFZW0TW5ES,01JFFED90QFF0X3QKMTHW542EZ,18015
user530,01JFFED97EW26R4H630BFCWTJK,01JFFED97EB57JNMR4J4KY01B9,26201
user531,01JFFED9E52X0Q4Q30VHTHRF09,01JFFED9E5VXXJSM00TCM0WHJ6,23203
user532,01JFFED9N0KWWSFM64NVX2ZQC7,01JFFED9N0D8CBPZ7Y7E2YA8F4,231238
user533,01JFFED9VQWA43G8V04Y4V3Q2J,01JFFED9VQW4S5WW66D71N781A,32573
user534,01JFFEDA2FX0YS85M686K6RH8Q,01JFFEDA2FWP8BFRP4Z7PXKZ9N,32104
user535,01JFFEDA97YTSJ6PX1MP8RVGE0,01JFFEDA97CV6EZ7TRP9ZPJ4K5,14369
user536,01JFFEDAGKBF8PWHR3G2X12CHB,01JFFEDAGKVDQME6D2ASE51PD8,41098
user537,01JFFEDAQDJJC665MP46SD9MZH,01JFFEDAQD3WKDXM6EFH4ATEAC,81494
user538,01JFFEDAY5HTGBQMF82QGW07T3,01JFFEDAY5KWV8PZ7EVB0412PR,14725
user539,01JFFEDB4WPJGFBJEWBDY42TC5,01JFFEDB4WF0BZ144ASHD9PB8F,15066
user540,01JFFEDBBKWFXHT6E2KVBYVA1A,01JFFEDBBKFJQYJ61Y2XG3CFZ9,53466
user541,01JFFEDBJF4FJXRZVH9MC6TG38,01JFFEDBJG0AXQ2VTEJS3EQ32W,7053
user542,01JFFEDBS79SESYJY0DTDAGQ5E,01JFFEDBS7C34ENGSEDSKQZGY7,20769
user543,01JFFEDBZYM8TJZBYKG868RX9C,01JFFEDBZY4EZVEDZ35WQ2XAY6,39772
user544,01JFFEDC6N4KJMZ7H10E8K49MV,01JFFEDC6NNSETHP6JKKS14TN7,11327
user545,01JFFEDCDH2MTMZAMMESS68HHQ,01JFFEDCDH73TPY7VJE1QHE7QA,13349
user546,01JFFEDCMA6XCGEM0KP3QZRNGS,01JFFEDCMAXZAB3TPS295GBZR2,24757
user547,01JFFEDCV19DZ9BGV0ZWZ2RG10,01JFFEDCV1NQ193YWGS4B4RT6W,16971
user548,01JFFEDD1TC69FS2TSRN2AMN3Q,01JFFEDD1TPA7GYN8QBY5KE673,23295
user549,01JFFEDD8H75HE9NAE4A9AJWT5,01JFFEDD8HF7PEENP9E8TPJ4B2,9752
user550,01JFFEDDFM7XZ5THWMFT1PXFT0,01JFFEDDFMDEW3CV3TPV3XNX1D,11515
user551,01JFFEDDPCVZ3MAW7141W1JRXM,01JFFEDDPCE82FJ0W29EB767AE,22975
user552,01JFFEDDX8FRPYKK3WDTKAM994,01JFFEDDX88MCJDW8SR11CR6MV,15266
user553,01JFFEDE4000WAFYB75Y9RX7RX,01JFFEDE407G6JB5SDXHMJWVPS,47218
user554,01JFFEDEAVXC10BQ1NFH36MAEB,01JFFEDEAVV9APXRAXZ4KGSNJK,7199
user555,01JFFEDEHN7JK250DTVF4F9Y5J,01JFFEDEHNRSR4HR7839YRK3XB,155984
user556,01JFFEDERF3W7TS9D2CFXHWAC6,01JFFEDERFCD72K6JAEZJ7B1GV,14994
user557,01JFFEDEZ666V7SEBYPDACEX2T,01JFFEDEZ6RC2FKPVH7CX7JC67,17343
user558,01JFFEDF5Y8EQF4916H8JNRQM5,01JFFEDF5YEAAYVGR9W26HP1BG,28041
user559,01JFFEDFDDN6ENQV2VGEJK9SXR,01JFFEDFDD00C0DC44Z1SJQDFB,14601
user560,01JFFEDFM4PSGV37TYH4BJHKFP,01JFFEDFM45Z2Z65Y763NCKAM6,31476
user561,01JFFEDFTVQX9TD1800C9GBDDF,01JFFEDFTVMJZM0ZZ0HFJK9W2N,11686
user562,01JFFEDG1J540ASH000J3VC6Q2,01JFFEDG1JGNBHA0R03PHC04QQ,75580
user563,01JFFEDG8KKCRYCPB1NJJK7ZN5,01JFFEDG8KXBGZAG0R0KY607R5,8863
user564,01JFFEDGFFDP4KBTPJXQTFATYV,01JFFEDGFFTP2D1408M8NDNGVN,93688
user565,01JFFEDGP6XBY8A3BQ9W342R53,01JFFEDGP6Z5PCGN3PBMXZAQ4D,5766
user566,01JFFEDGWXFGMYDKG4V1W5BA7A,01JFFEDGWXGSGVYCY3QDWJA87M,16087
user567,01JFFEDH3MNB050FM1JSAHTMR7,01JFFEDH3M2Y0MC1SP85P64N2P,8142
user568,01JFFEDHAGVN421PRYZNQCSG00,01JFFEDHAGEZQ0AKHRBCN3W8H9,8784
user569,01JFFEDHH87F612ZZV6DYG1N5N,01JFFEDHH8QVTGZZAG0Z33JZ0N,6251
user570,01JFFEDHR0PEWTNS4V0HVM5P6X,01JFFEDHR0934HP2S9DNHHCXKM,19535
user571,01JFFEDHYRA1ZQF7JV8N9WD7XC,01JFFEDHYRZAG9ZCZQVRZNQ58V,17204
user572,01JFFEDJ5GGYR7SCBQ95QMEYQV,01JFFEDJ5GXY028Z2ZJN45FZXH,32766
user573,01JFFEDJCD4FENDPCRMEXGPMAJ,01JFFEDJCDSYS1TZ956EPJ4DEX,36955
user574,01JFFEDJK4CAJB1H8A5BS54T2J,01JFFEDJK4F8Q7N9NQD6XNQRKS,139980
user575,01JFFEDJSWEDCVV3PFPY8FA6YF,01JFFEDJSWYJ2WE3SARD7F4R3S,19411
user576,01JFFEDK0MYNCM92PCRRM5QHAE,01JFFEDK0MYTF7X10S85ZKY60Y,15844
user577,01JFFEDK7G9EM7GX6NZFDG65SR,01JFFEDK7GTD7863Y4FG4K0PJX,7945
user578,01JFFEDKE8HB71EGFNE7FQ06CJ,01JFFEDKE8NXGDQ3CK2XXX5SVT,10223
user579,01JFFEDKMZ0ZN5W6ZN1CJQQY2D,01JFFEDKMZYSVQKZTV1YCFX35W,12804
user580,01JFFEDKVN3B70996QBV6V0JPM,01JFFEDKVN6Y0E8XAHVHXR2433,49688
user581,01JFFEDM2CWS12W2TQXDW714ST,01JFFEDM2CBQH9JXJ6045X94PY,24959
user582,01JFFEDMA0AMHBMHC9SF9QZJGP,01JFFEDMA0FSQ6MKH6YN30092Q,16787
user583,01JFFEDMGRK8V8RVC878KMAZVT,01JFFEDMGR4P0D7QX9DCZZK9HF,37798
user584,01JFFEDMQF50XJN6EEAADS6KWR,01JFFEDMQFZEQV1ZG2PX84NRPA,32532
user585,01JFFEDMY77B5RR25B80GE8XW4,01JFFEDMY7RX4RHVMS32KYY9FC,67552
user586,01JFFEDN4X8GDDYB8MCEAEZ6VV,01JFFEDN4XD4NE6GH8PHV6FP8R,5558
user587,01JFFEDNBTGK0KMNZD7XKSP783,01JFFEDNBT27X8KD8A7GQAT760,16202
user588,01JFFEDNJHSK79EJ0V0KCNGN3K,01JFFEDNJHJWAP2H82VV7CQXBX,6344
user589,01JFFEDNS8D9XFXVJCYXRAAB3X,01JFFEDNS84ANWNSCYHDBP8237,39139
user590,01JFFEDP00D6TD220SBNZYT5T5,01JFFEDP0060B0Z0WJJWH53QS4,101394
user591,01JFFEDP6X8YWR8N04FJGAD80H,01JFFEDP6X5GNV1WHAC38VF84G,20960
user592,01JFFEDPDNN90ZXZTZHS1GKTT9,01JFFEDPDN8Q2ZAA8HT31MVBY8,34712
user593,01JFFEDPMCA5Z4BNFZQ2491AQ5,01JFFEDPMC1YGE4AYW2NYG87VQ,19247
user594,01JFFEDPV5MPVPCTZ9C9YS0BWP,01JFFEDPV5NGMC00YW8Y38B7VG,9127
user595,01JFFEDQ1XMNT1TMFJER1Y3ZQE,01JFFEDQ1XK85K80F1TQDS7KWD,65381
user596,01JFFEDQ8T3WBAR2GRHTY4MH0H,01JFFEDQ8TR8X5EZ3QJX4F8NRW,78942
user597,01JFFEDQFHXZBKGB4245X214M8,01JFFEDQFHYEFWNAWYT7WJJ41G,71304
user598,01JFFEDQP9B4FYCED2FHZHFW1P,01JFFEDQP9N7B5J9S1JVV27SZC,45767
user599,01JFFEDQX1ZTXHBE6Z4HC1Y448,01JFFEDQX1JRGV58S4DDKEZEMD,6452
user600,01JFFEDR3XK66CSPWVRJJJB8KZ,01JFFEDR3XSPQ5YJWW28X62XPS,31861
user601,01JFFEDRAQX7CPKT0MWWVDJFBF,01JFFEDRAQ38YB8P91081GS5XN,15919
user602,01JFFEDRHHJY00ZA7F6DDVWZQZ,01JFFEDRHHEHW8MG9YA9N0Y6HY,15446
user603,01JFFEDRR8B9SSM1VGD4QQZBAG,01JFFEDRR8SN7TP986CGFCG1TV,10807
user604,01JFFEDRYZ0CDK5MDCZNN9FF6V,01JFFEDRYZJSM6FTEVCJ4AQ7SA,31694
user605,01JFFEDS6EK6R8FGH1GC29EG5H,01JFFEDS6EGNJD8K6RR4P017RX,67920
user606,01JFFEDSD5CSE6SD874MMZD7EF,01JFFEDSD56GY01PZZG8J7KPV5,22999
user607,01JFFEDSKWP5AJWJG8E28TN5T1,01JFFEDSKWX56X8E8K3A7M36QA,41788
user608,01JFFEDSTKMFDRMFMH2H3EJX4Z,01JFFEDSTK6ERWFZBRD8E6BJAS,11723
user609,01JFFEDT1C8WZ3PG7G12HHTA08,01JFFEDT1CTC2W9EWS05AXK1JD,38005
user610,01JFFEDT87YE3T4Z91Y3H3NPA1,01JFFEDT87249BTE06GR74HB84,12203
user611,01JFFEDTEYA4JWYVJWX0RC1KGV,01JFFEDTEYHJNVC7DWSSYF710X,35076
user612,01JFFEDTNNAX2HE2BC8H2QVCVE,01JFFEDTNNS756FAYVTHFNR0E8,43641
user613,01JFFEDTWCTNQ47R0Q08EQ5SYS,01JFFEDTWCAXRSWG37X7MQ8JNX,6475
user614,01JFFEDV39ASHNW7HEV6DMP3ZB,01JFFEDV39X6VTA6RQDHF7843J,15147
user615,01JFFEDVA1T7FMFEP01JJY6N3P,01JFFEDVA1Y482D4HV79Z8K421,36485
user616,01JFFEDVGRQM37HBXWN84B5FBN,01JFFEDVGRENY5KWKSKQYQ3R11,10466
user617,01JFFEDVQGW82VVNPNY16QGYS3,01JFFEDVQGHZGGX0JBK24VWMT3,6401
user618,01JFFEDVY8F3MFE8R53W72K6T3,01JFFEDVY8N36JAHN3EEX50S4K,30219
user619,01JFFEDW582PM9H9063DWHT6QG,01JFFEDW58D5Z8ANRTG3QD3HC4,17563
user620,01JFFEDWC19QSNRMJWA3HN4GX8,01JFFEDWC1YFHBPR0NDNBYS62J,20574
user621,01JFFEDWJV0D3MCQ0QG8Q26YQ3,01JFFEDWJVZTM4XX5ZKF1VD7M1,10600
user622,01JFFEDWSJTAYK1X0FG8A0GV39,01JFFEDWSJ7SQRYEF0XWXKKWZP,12004
user623,01JFFEDX0EMS5EME3GE2Q1NSFT,01JFFEDX0EJTE8W7HQGHYGY9R6,10760
user624,01JFFEDX77CN0EK09B9TRDZERE,01JFFEDX773Y2RHJR3P0RKVWFV,7929
user625,01JFFEDXDYC0A3SN0M4WXQFRQY,01JFFEDXDYXKBH16ESKPVQ60TE,34118
user626,01JFFEDXMQZ5V2TMEZYZ4MD7S2,01JFFEDXMQ8THW5Z6MJDJJ5YCH,51567
user627,01JFFEDXVFK3ECPP13Q7PN59PA,01JFFEDXVF8A4MNP86STTEBJHQ,50352
user628,01JFFEDY2Z7222F3AFBKTZWSHT,01JFFEDY2ZQYKZ6B59J4Y8KWS2,8209
user629,01JFFEDY9QYSB1PSAHZPFX78F7,01JFFEDY9QWK12D39KKDENYPH7,13495
user630,01JFFEDYGEABS5ZZJ52SFJ67NE,01JFFEDYGEA9BRXNF5J1JYSXV2,16593
user631,01JFFEDYQ5V46RW3MENKGCZ2N5,01JFFEDYQ5KPFXF90F1Z61E6JC,13841
user632,01JFFEDYXY5FSZ6S0PY54CGG7J,01JFFEDYXY5AJ1GG3SFP62CBN5,38692
user633,01JFFEDZ4QE7KY0D6DEQT0B1DK,01JFFEDZ4Q5ZFRC7NACCSDRDXN,21204
user634,01JFFEDZBF64ESXJHEQ24V8TSC,01JFFEDZBFW1VJMFB5928CAYM3,28438
user635,01JFFEDZJ5RECYGGKYZTFY931T,01JFFEDZJ59DXDXXGAQ2QSX2ES,18798
user636,01JFFEDZRWA4RG97W44QZ3YY4Y,01JFFEDZRWYKSAGBQAF2NXQBK5,6601
user637,01JFFEDZZTG4TH0YD19S2XCZ66,01JFFEDZZTWTE74C4TK31G79FQ,8275
user638,01JFFEE06JNJJWF1G7WMWV9092,01JFFEE06JW71REFZXJBBV4VKW,18895
user639,01JFFEE0D91RR14QC9G6N1XB2H,01JFFEE0D9J5MR6BMB2PYD1CBQ,6153
user640,01JFFEE0M1JAPXS8NVRSEYSSD5,01JFFEE0M1G85J8NQWGBCQPMB4,7401
user641,01JFFEE0TRX35WJ431JFVBYYG5,01JFFEE0TR937R29TPGG46NYQS,7308
user642,01JFFEE11NHWVEPH64J85JD9Y2,01JFFEE11N5HAN2KQK8JMDR6Y3,15420
user643,01JFFEE18C4A6F1V578E5TCMQ7,01JFFEE18CJPJ23357959TN6QW,16188
user644,01JFFEE1F44J30Z7TRCHGT8ST8,01JFFEE1F46Z20EA3NYS4KFH2X,53300
user645,01JFFEE1NV90QFFAHR1X5SJD2S,01JFFEE1NVWM0A8CH2BG6DCDAJ,41280
user646,01JFFEE1WQTW497Y9J8CFDZ1PA,01JFFEE1WQA0VF8QQ6AZYYQ8MN,14777
user647,01JFFEE23H73XWJZ6S2CFBA33C,01JFFEE23H5RPMK4BXJZAR832Q,26099
user648,01JFFEE2ACH16VHYNPZ4GTTD54,01JFFEE2AC3VZED9A9AP0VPBVA,11556
user649,01JFFEE2H308F87VBC4YQXXX26,01JFFEE2H3V49K65BVK0T3PTMQ,17290
user650,01JFFEE2QTB95RR082KKX8BMMC,01JFFEE2QTQ05EAFWWXB9DBF8B,6823
user651,01JFFEE2Z9Z15TE81PTJRG87BW,01JFFEE2Z93QQR5QJH788PQYP2,13804
user652,01JFFEE360QPGGKYKE7KGFB7T6,01JFFEE360MKRZF82ZAP3C8R2T,8653
user653,01JFFEE3DE1NT58YQGVB3C959D,01JFFEE3DEE1M47GSG48RF6Q0Z,10928
user654,01JFFEE3M627TRKZ60F56RAMRV,01JFFEE3M6XFCFQDP2TXH3AV5H,7950
user655,01JFFEE3V1BDE93B2GCGYDF3GF,01JFFEE3V1MZW8ABWQSYRNGN0A,19028
user656,01JFFEE41VCB5P7ZCV4JMXDT48,01JFFEE41V4SMWQQW4719SV9XF,57708
user657,01JFFEE48JV1AKFB3KQ0HAT47A,01JFFEE48J8Y8WBJRPBESR7Y3G,34595
user658,01JFFEE4F9EB20XSWFJKYHGGP7,01JFFEE4F92CC9ZTMWKM26SAVN,5593
user659,01JFFEE4P1122W5TRZN1SJ9DYP,01JFFEE4P1W66DEQFX02DXZW20,43304
user660,01JFFEE4WYAQ2MTN06RE9AXQFW,01JFFEE4WYNNA5VD1091WQRFDR,7292
user661,01JFFEE53PP3NSDABF6844R3XE,01JFFEE53PKDBD32ZX8AZD8HSC,7614
user662,01JFFEE5AD4Q9Q0QE0N1J05MRA,01JFFEE5AD79XF0DNNB13YRAYV,19136
user663,01JFFEE5H6GFQFAGHH7D10T28D,01JFFEE5H68E1G7ZRH1QGFCWCZ,27300
user664,01JFFEE5QZVW5ASPB9ZVZG29BG,01JFFEE5QZ2JX1KQFWRF6KHZCA,7819
user665,01JFFEE5Z5T1REMS5EZ8KG5MHZ,01JFFEE5Z5RZT1FRAC1J0Q9J47,42295
user666,01JFFEE65X10YBCGTBJ50PS3A9,01JFFEE65XH4HXBZY554T1AYDZ,33860
user667,01JFFEE6CN97SDGX38ND6XKPXW,01JFFEE6CN1V7Z4GX780QR99M1,8540
user668,01JFFEE6KD7JCNFNR47J59A3S9,01JFFEE6KDH5DWNAT9M3HAN67A,78484
user669,01JFFEE6T87EZAB79FXXH3TVAD,01JFFEE6T822TCV4538RZKKYC1,12616
user670,01JFFEE710728Z5D31H11K1NQG,01JFFEE71089VFSRFAQ3BRPEME,45294
user671,01JFFEE77R45FRFVD5E9RFAWGR,01JFFEE77R7CD7494995342NWH,31127
user672,01JFFEE7EF9JWCSB6N67HTRS23,01JFFEE7EFVDNXQYFTWQ2HETP0,18289
user673,01JFFEE7N7PAA3PAEBV37BZHG0,01JFFEE7N7YY3JTVXMQKZAK2MF,11454
user674,01JFFEE7WNWVDEQM2KRQW56DF8,01JFFEE7WND5AJZZWQWNS4EDKT,20772
user675,01JFFEE83D78X4J1YWF60QDV7W,01JFFEE83DNHH9E9PHP55JFRRV,39993
user676,01JFFEE8A4WGGVC3XE4E28TWBG,01JFFEE8A44RZXNBFANAX4DMQ9,171593
user677,01JFFEE8GWT4BC4N7397X16QSF,01JFFEE8GWV7TR6ERKZQPC68AV,34856
user678,01JFFEE8QR4VVGKRWAQQGN0RKB,01JFFEE8QR1XR2QM54N63QWAGC,37021
user679,01JFFEE8YGN3RBCERJW53GCGNX,01JFFEE8YG0M00FCKXGMQGK052,9732
user680,01JFFEE957KMXNR864KQHBW3ZF,01JFFEE9571HK6Q3MS6T91PFQG,40418
user681,01JFFEE9BYWMQY1TQ8J40S7D1W,01JFFEE9BY7DAC9712SNVF82JY,97824
user682,01JFFEE9JPSWZ9RM0XRYAC81XH,01JFFEE9JPQRQP3T488NEDRJAD,11703
user683,01JFFEE9SKZFK299ZRMAFV2TPJ,01JFFEE9SKS122GB8K6B8MX8H7,21951
user684,01JFFEEA0AK5WBFB3AACMNH1EJ,01JFFEEA0A00Z25XX50Z033V7C,13313
user685,01JFFEEA72ZZ4CZA0966H7DFCE,01JFFEEA72V5P5M35JQT1AZPJ6,63329
user686,01JFFEEADVH6Y1A580GQW2M1AD,01JFFEEADV8DY5DX15S0T9AXP6,18594
user687,01JFFEEAMMNSZ8D2NJA4FJPE86,01JFFEEAMM4RB86TJBR3YYSSRN,33148
user688,01JFFEEAVFW2B7ZAC7R27MFS4C,01JFFEEAVFF340C0ES9CAP4RTY,24007
user689,01JFFEEB26M76M3W136BM8APYG,01JFFEEB26YK6XN4X0Q5V88G7Z,26199
user690,01JFFEEB94PW1RKDAHPGZWE4X9,01JFFEEB94HCY4V7H7TXF5H9XR,58101
user691,01JFFEEBFVJWTBX1C2S9T0VZXC,01JFFEEBFV5TJ2D8H22HHQFB2G,11313
user692,01JFFEEBPQW22YGZ8W4TG4KFNC,01JFFEEBPQ0Z9EEHZ5BVP2BQ04,5331
user693,01JFFEEBXGF4J4KMXJTC9M3JCV,01JFFEEBXG6FTYP27SJEWXZVAV,5252
user694,01JFFEEC4APFTBEGETF13E35DN,01JFFEEC4AFAQYAXGZTNJM0Q99,62031
user695,01JFFEECB1MBDDNEQANSSDYTM9,01JFFEECB1Z5736XA9BE35VZ4X,35352
user696,01JFFEECHRG6N61S50EW066KDF,01JFFEECHR7FJ205572CQZXJFJ,24931
user697,01JFFEECS3HM5SWF7314E6E48K,01JFFEECS325T53JQW7JRB5AMH,19172
user698,01JFFEECZVJKJP9ECXBQC6BYF3,01JFFEECZVZXDDJF0XDP1HRYR6,24356
user699,01JFFEED6J8Z5QA3FZCB35M8PA,01JFFEED6JBEE51CEY4NG914VV,25398
user700,01JFFEEDD97K8E5XD57Z4CY3PS,01JFFEEDD9TP4TV63H6HA7SB83,43361
user701,01JFFEEDM6BA2NEBH2GFETHXDT,01JFFEEDM689SSR597DD7GB2F2,16721
user702,01JFFEEDTZRETRTC2SHV1CTRPG,01JFFEEDTZ9JQDS1THKCG7QD6M,11538
user703,01JFFEEE1Q45PMB8EGW28RAFBG,01JFFEEE1QDWWBN9GB1J78JB74,26360
user704,01JFFEEE8EAQ6KXWHC000N5F6D,01JFFEEE8EEBTZNGRDRDNYXBQ9,35291
user705,01JFFEEEFS4PEQ16VNREYSKQYA,01JFFEEEFSMWY6TNBJZKEYT1N4,12440
user706,01JFFEEEPPSSBD19BSHC0MZ5VZ,01JFFEEEPPB27Y2ND0WHK8SZBE,16694
user707,01JFFEEEXHRXNZ43436XMW78RC,01JFFEEEXHQR40Y3QTY5RSWRAG,26596
user708,01JFFEEF4AA8RT1CEPQSEYG85B,01JFFEEF4A9MC5MD1K2PQWTX2H,9490
user709,01JFFEEFB1Q41EVTJBVWAYE4HM,01JFFEEFB16DTGZ38TEWS2AN78,17409
user710,01JFFEEFHYSGWPA1R3558SA1M9,01JFFEEFHYVR79PSCNB5P11F94,26074
user711,01JFFEEFRQJWW29JMJ6MKA7KVR,01JFFEEFRQQX109JQA3EAGZ7F9,11258
user712,01JFFEEFZF4RSN2BZ176Z9T7B5,01JFFEEFZFRY4VPM54RVNHGDCM,17291
user713,01JFFEEG68ER8B266D37CKVPX8,01JFFEEG68B113S7N0HEZY1QPY,13305
user714,01JFFEEGCZQXC5BATSR9H5HZJ6,01JFFEEGCZF5AEVN18BNXPH2V3,16152
user715,01JFFEEGKWWN7T3JX7KX7V28HZ,01JFFEEGKWPCQPFYFMCVF3M1JQ,39929
user716,01JFFEEGTMQ6SMK38M6212YJH1,01JFFEEGTMPSGNYS0HAVGJ4JWJ,104124
user717,01JFFEEH1B8S99GWMFDBBFERWW,01JFFEEH1BXV4YKC6C3P9AY80Y,21819
user718,01JFFEEH81QX3YYS0SSNTQXBXR,01JFFEEH8102SJ2SK354ZEWB60,198298
user719,01JFFEEHESPCFH8RA5YQ2MS43B,01JFFEEHES6ACW77P01D43BWKD,9717
user720,01JFFEEHPDH59WQ7N5DN05726J,01JFFEEHPD9P7QS4EGW3RPJD26,6418
user721,01JFFEEHX6X4VPYHZJHXZ25GBZ,01JFFEEHX6JFWWQS4VXZRDTW51,7208
user722,01JFFEEJ3XXH826ER5PDJN726S,01JFFEEJ3XQ973N8DWCH3X81QE,13611
user723,01JFFEEJAMQEHNCYWMRAHJ1083,01JFFEEJAMDVMGE2199203PCYE,58775
user724,01JFFEEJHG427RW28A9KJH7Y7M,01JFFEEJHG6M6JAT2N01BCAV4Q,44245
user725,01JFFEEJRCZPKFBHDC9HNDNNQF,01JFFEEJRCJ494YAZYDFT7NJZN,9398
user726,01JFFEEJZ3A6PBJY7CB8NN2P39,01JFFEEJZ35K5QH9ASPBZBZG5W,45901
user727,01JFFEEK5TWTDXXM9W5MXP2HR7,01JFFEEK5TGC4XB8YC74PSTXEV,9534
user728,01JFFEEKCHGVZNAPVVEFPZ37J5,01JFFEEKCH7T1QS1JKPQ9ET3Q8,11219
user729,01JFFEEKKDP72MK167H6J15DAZ,01JFFEEKKDYCF0NEAMJPTJ00M2,27281
user730,01JFFEEKT5TDYQZ59NM8CHPTHS,01JFFEEKT5ZQJY6F2V5FAE31T5,22824
user731,01JFFEEM0X6VYHHG2ACDMCRD6S,01JFFEEM0XK5QGXA8C7SQAN68D,10529
user732,01JFFEEM7MKX42WD73R4MQA6YQ,01JFFEEM7MT20NTFFQR4PD1NN8,14422
user733,01JFFEEMEGTXAHFX2G0QCK4WC2,01JFFEEMEGKG1N54AG7F9S96EP,39255
user734,01JFFEEMN8WAC9VVH502AH5FWT,01JFFEEMN8H77S52979FMQ1T8E,13079
user735,01JFFEEMW0JVKFFK66AYN4YME4,01JFFEEMW0ZCRB591A3VEQW5MB,18777
user736,01JFFEEN2RTCWYYHAY6RYF2CN3,01JFFEEN2RHQVFAN0CA7Z1YKSP,34907
user737,01JFFEEN9G2F458RQVXEBMV505,01JFFEEN9G8V9T5H1REKZV11Y5,17283
user738,01JFFEENGCJNHNJWREFYD04D9S,01JFFEENGCVYYK0E6M9DYK95BR,5652
user739,01JFFEENQ3MEBYRC2S2Y3QXH0J,01JFFEENQ3SPYZWZEYHVRH87ZX,38007
user740,01JFFEENXY44A7EGY93QC0H0CY,01JFFEENXYY4Z1R58C31DV0CSK,8301
user741,01JFFEEP4P7E753DDFV5ZDQXP3,01JFFEEP4P6WHGBSJ2DZW28FS4,21730
user742,01JFFEEPBDF2MGZGCGRQ5010VH,01JFFEEPBDXB45NBT64HXQZXTM,15900
user743,01JFFEEPJX7D4BQE15CSFHZKTR,01JFFEEPJX64EEWYF803RMWJAE,22753
user744,01JFFEEPSM8JFSG6W4NC50KNPA,01JFFEEPSMBR7CWP8F051ZSQ16,5182
user745,01JFFEEQ0CDBEJAGSN6TKEQ2TF,01JFFEEQ0CG85JVW65HG93WRXG,13377
user746,01JFFEEQ74ZVF255V8SWNWM8DQ,01JFFEEQ74NKJ93BV2NYMKEV2K,22915
user747,01JFFEEQDZ5JXG2MP8RYAK2K2Q,01JFFEEQDZ188FQ9J9FPK6DH19,8793
user748,01JFFEEQMRDC51809HW16WP1P5,01JFFEEQMRJ3Z78PNYWVBWM4D4,11533
user749,01JFFEEQVGX1MRXER27DA9EZZF,01JFFEEQVGRZ1JMN8ZWMRDDR6V,13386
user750,01JFFEER27R4PN8R48418D91SM,01JFFEER27C4DE3WRY12E0GE0G,19996
user751,01JFFEER8YQMWEXNJ9R6JBNH0D,01JFFEER8YSNVJB60XA14TCP3B,11535
user752,01JFFEERFTVJ4R5FT6FKSZYFP9,01JFFEERFTZB1CN4Y56A203MK1,6682
user753,01JFFEERPHXK7M2E1FHR0K96WH,01JFFEERPH0NPTV4XDE7GV6GHJ,12242
user754,01JFFEERX9Q81QKJ7NS96QRNT5,01JFFEERX9Z4F81TPTJPWEMGPD,6173
user755,01JFFEES414AHA4WF19YFEGB66,01JFFEES41MKXPFMT90QWESDA6,76426
user756,01JFFEESAXQ8DT4ZYQRZ40J940,01JFFEESAX5CP2Q2NDJ7ZN5DV2,15430
user757,01JFFEESHNWX4RNDDM70TQFYJD,01JFFEESHNTETMTDSWBRNGJB7T,17328
user758,01JFFEESRDW9EHNCY3TKPM10G1,01JFFEESRD5NW5GRABD4N0EEAH,36282
user759,01JFFEESZ6G0HZNW85216K5KE8,01JFFEESZ6RGNNF3A5SMTFP8Q9,20851
user760,01JFFEET5XSXB04Q2BF9TMJR3Y,01JFFEET5X12Z9AB794W9JMSK8,42668
user761,01JFFEETCTPET5BJHJT31703Q3,01JFFEETCT1HFSVBR5M7XDNKDT,14623
user762,01JFFEETKJPCWXGFCHF8BA5AG4,01JFFEETKJX348V6QZH57C3PV7,16745
user763,01JFFEETT99AB9CVTMYXJ6GGC2,01JFFEETT9F44F7DJAESNXX87H,20035
user764,01JFFEEV10FP7JYAWPAW62QCEX,01JFFEEV10Q2YAZ97TDHGSM4ND,38713
user765,01JFFEEV7RARYKNDPWW8S4R4GN,01JFFEEV7R30B8D27V0SZQTR2E,63771
user766,01JFFEEVF4Y308V4EEPE2AQSK7,01JFFEEVF4RN22KVYMQ6VP25FB,5935
user767,01JFFEEVNW7MBWC95KDVJ7DJ7S,01JFFEEVNWYGT6ZQVS3H3TSY12,16291
user768,01JFFEEVWM663QXVB51V5R8W7A,01JFFEEVWMQ4QVZZA19GGYV0K8,35354
user769,01JFFEEW3BF50QYSGKDWCBT5MC,01JFFEEW3B3JFZM46B14Y7WN71,6617
user770,01JFFEEWA73DA1T3XCKX43TK55,01JFFEEWA7TK3N6155K1W2XV9J,126636
user771,01JFFEEWGZRYVQATKJFCF7SSS6,01JFFEEWGZARM0F7D6NFK7HSWX,33460
user772,01JFFEEWQR0N18XS485910WC1A,01JFFEEWQR2DXE036TRNTM4PN3,5867
user773,01JFFEEWYFHMFG8GR24QA9P8YE,01JFFEEWYF67XHT4XTD6RMH3JA,26530
user774,01JFFEEX56YKDY4RQERZDSFG8V,01JFFEEX56EDM67MMADJ0KWF7F,42481
user775,01JFFEEXC32MXFM0WD6DEXPGGT,01JFFEEXC3YY7905MHCXXRR374,12178
user776,01JFFEEXJTS1ZQ3DFXAEJ8WFHF,01JFFEEXJTMDRG5BXP227VM43A,8605
user777,01JFFEEXSK6NB5HP2NKNR2GB6N,01JFFEEXSKGGZVA0P9FNCG858E,22742
user778,01JFFEEY0AWPRFKWDQE23NT60Z,01JFFEEY0ASK89VFP4PVF2TN38,68268
user779,01JFFEEY7883RG4AJMK459QTZ7,01JFFEEY78X0QD3D0PJ896GG6Q,19330
user780,01JFFEEYE0WX7ND7CP5MJMXXN6,01JFFEEYE0HS3GCPNPG2EJ8HZJ,39405
user781,01JFFEEYMQDNQ93F4JW4EG7BSM,01JFFEEYMQ6MSDR23A27YGE892,6889
user782,01JFFEEYVG27REV7ZQTZGKAX89,01JFFEEYVG5PJD5FDQ1BQNRN6B,13056
user783,01JFFEEZ29QR0APREW6HYW2B3S,01JFFEEZ2907ZGPDG6REMFPZT7,10179
user784,01JFFEEZ97PFBYHV5QFM7P16J3,01JFFEEZ97D30PTHE7T26942PZ,26313
user785,01JFFEEZFYXRZ1GRYH13D2PFAR,01JFFEEZFY61ZTYF7NAVZEE5D4,28300
user786,01JFFEEZPTEKB7JC4XQXW94NMG,01JFFEEZPTA51MPK6Y3HVN43ZS,15209
user787,01JFFEEZY1ZZKT8HGJPWJ2CHHC,01JFFEEZY1FSC0CBX3PZQ4T3PG,8610
user788,01JFFEF06122HV3JB36XHERNVM,01JFFEF061YN84566KARN19TWM,61358
user789,01JFFEF0CYN3FMTWC0R0AATAEN,01JFFEF0CYE494PBTFZ2VJHYWQ,20923
user790,01JFFEF0KPBPSAQE4C6P7F4CPG,01JFFEF0KP4WY9D9GRH18D0HFE,6922
user791,01JFFEF0TD06171CRJC5KS3WDB,01JFFEF0TDC03H0DTSH8B9F8VR,24486
user792,01JFFEF114EQZAH5WW1T2H10WQ,01JFFEF114ZYXP46G5AXKNQB2H,59312
user793,01JFFEF181YNFD3JEQ65GAA7V1,01JFFEF181XCVDKCWQ58QKJ4ZJ,179953
user794,01JFFEF1ESM0MSGFSCE785Q7FB,01JFFEF1ESM16T2JS6BD9JBSRP,51731
user795,01JFFEF1NG1H9PVWCNMYNNSFSR,01JFFEF1NG9SA38DTF2D3QTBDT,35128
user796,01JFFEF1WHC6PH9Z3JJYRCW255,01JFFEF1WH7DW5VWQFQ76NREYB,10638
user797,01JFFEF23C6HR37P41ZF8PNN3H,01JFFEF23CZ4JF0P9B1EYDYVQY,79918
user798,01JFFEF2AER3JKDNG1TZAFV1HT,01JFFEF2AER0KWP8KDW26XZ67Q,6742
user799,01JFFEF2H5T0ENPCKJ6XW621A9,01JFFEF2H53GHM44AJP3X969W8,6929
user800,01JFFEF2QYH2ANDSM0N46E544P,01JFFEF2QYRFH5CXDV8W5NKBXZ,12874
user801,01JFFEF2YP2S8RBCKJPY1EAPPB,01JFFEF2YPX4NJPGMW00D1PBT6,17304
user802,01JFFEF35WPA3SMZEYS3WVY9YM,01JFFEF35WT5P4DFNBM7FPB7EN,19608
user803,01JFFEF3CY81VWN75D4G8A5M0J,01JFFEF3CYKJA0Q68VM97CYEKQ,18968
user804,01JFFEF3KPWKX5HSDCKNZDVGV5,01JFFEF3KPHWKBKF804ZP4GEE4,13282
user805,01JFFEF3TEPAF6G1H5EDQ14CAM,01JFFEF3TENRBWZW3Y9ZVRQ8W1,16823
user806,01JFFEF416XGFHCS3WHB08FTW3,01JFFEF416TBEX93SRPBS4SGDX,6657
user807,01JFFEF482RMWPCS3JRMX1D9E4,01JFFEF482A2R3YGZKSX3PJ74T,46628
user808,01JFFEF4ESQFPQK82N09EVNZPV,01JFFEF4ESKCGYH4DYGQQ8KBC7,9234
user809,01JFFEF4NG45ES2WT0MSA8YW2G,01JFFEF4NG6MWB65X951HPF592,12098
user810,01JFFEF4W7K9CYC1EGEP9NP73Z,01JFFEF4W762BNZPZYSYB48H8V,34978
user811,01JFFEF540V3NHNXGD88MYWK7C,01JFFEF5402KQWQ8EAPVFC20MV,11405
user812,01JFFEF5AR09AR6EZGRXS7763M,01JFFEF5ARRQDRYY6ZETKW61SK,29804
user813,01JFFEF5HFXY10CEQFTQ1M9D6F,01JFFEF5HF79F3JH8Z8T8RRCPP,9823
user814,01JFFEF5RG2C6W1VN0DQP8S4CA,01JFFEF5RGK7N0Z1JZC576HT0A,67121
user815,01JFFEF5Z753477977RCDEDT3W,01JFFEF5Z7S3T91N83E2XSP9C5,21975
user816,01JFFEF664J9R59Z9QJ6NFJK8H,01JFFEF664YC0HSDMBCCYT1XYK,7114
user817,01JFFEF6CV0QX154Z4PY366V7K,01JFFEF6CVX49C0463S5K1DDB7,6930
user818,01JFFEF6KX9XSRKM5AA4VMJ0KP,01JFFEF6KX42VBW1N5SX57TVMP,6359
user819,01JFFEF6TM76DV25VFKFAQ57WE,01JFFEF6TM1SQNR5FBXAAXDDYS,13663
user820,01JFFEF71FHNJ4C963SYESQJFW,01JFFEF71FA45N0K5H77MW5DNM,24536
user821,01JFFEF788FT21FAD2C430ZAM9,01JFFEF7882A5HRCHZ1X2D73GD,6995
user822,01JFFEF7EZ0EATT3H0486TK7Z5,01JFFEF7EZ0QAG6JRYR1HWWW77,13361
user823,01JFFEF7NR7FDD11473210D54Q,01JFFEF7NR03PPBGHZB5AD8JPM,91343
user824,01JFFEF7WFME25JGG7E6K5Z2AC,01JFFEF7WF5ZEH3VMV4Z69F1PN,23044
user825,01JFFEF83P75YMC8H6SKK9ZHE3,01JFFEF83PNA8XE9MGF50ZPNPT,95200
user826,01JFFEF8ADNVSKE5JHMBYFZBNT,01JFFEF8ADJ4FCBSHFZBQAG2TW,17980
user827,01JFFEF8H53G8VN2EVFY7FGNAM,01JFFEF8H5J4X3X36GTR4M2J6Y,6063
user828,01JFFEF8R0J55BQ36GMMW71C0G,01JFFEF8R0X1P9EKBDC7G94V0Q,6295
user829,01JFFEF8YXFWAN83CMFNCTTWMZ,01JFFEF8YXB65V2VBJBFQ9N84N,34140
user830,01JFFEF95XWB0MKVC53MYESAKX,01JFFEF95XFP9QWM8JZCET8D35,13085
user831,01JFFEF9CMEQE2KK3V7ZAR38KQ,01JFFEF9CMKDE3BQK09WAVR9VC,30308
user832,01JFFEF9KENWPKP7FDM19R7XP4,01JFFEF9KE4TYTPZ3EFQEW8VPN,11075
user833,01JFFEF9T6Q5MSCTEYHZQ9N5TB,01JFFEF9T6061A22RDEBP441PM,9299
user834,01JFFEFA1M0XQGJJTTXYGVE1PC,01JFFEFA1MFRVXQP8FJD366VJH,28456
user835,01JFFEFA8BW0SB4PJYHC0GTSBH,01JFFEFA8BR9HV6DA2SDQNNW79,119555
user836,01JFFEFAF21TYP2352RKP8P8EB,01JFFEFAF23SYETQGAW32Z4XA8,34352
user837,01JFFEFANT6E69ZCSEW7KTA39B,01JFFEFANT9D1NQPJH60DGEDF2,19678
user838,01JFFEFAWNDV6E26GX0TC42CMC,01JFFEFAWNJKKPFQP4N4MBA43Y,6948
user839,01JFFEFB3EJ0FG17FNEJ2Q79DG,01JFFEFB3EBZ8EF33CYJ9DNA1D,26941
user840,01JFFEFBA58TY1QX0XMCGW9WW0,01JFFEFBA5VCDN9PDQX8PJCM7D,10908
user841,01JFFEFBGW42X03ME25R48YTKH,01JFFEFBGWGX2FE7WNDMWJF71A,30200
user842,01JFFEFBQZAW3N22MMT5FGBW48,01JFFEFBQZG3JM71008EHTJNDQ,76884
user843,01JFFEFBYWDBSFWB5G5KT1MF8D,01JFFEFBYWNR3WMNK7422RES7H,21137
user844,01JFFEFC5K7CVT3SN8EZS3V4HZ,01JFFEFC5KREX2DMMD7YAXQ1PX,64245
user845,01JFFEFCCMRJT8KGPZ9S2B03WY,01JFFEFCCMVS8YRPV9RD2VM4CS,6291
user846,01JFFEFCKC0PXYM1YB209EQFV1,01JFFEFCKCH2JT68RGFS2AT13G,21346
user847,01JFFEFCT4HEATWGFF29X5PQQ5,01JFFEFCT4606QBRJFEAHG9FX4,6014
user848,01JFFEFD11W609EXEAGFXSBA2C,01JFFEFD11R2SJDNE2JWCNNZ2Z,17631
user849,01JFFEFD7VBVABTS49EKWC6Z96,01JFFEFD7V4K49NTSC63RHBT15,26024
user850,01JFFEFDET6S3XDHTD62DNFJZF,01JFFEFDET7FMG1ZW8TM5D92EN,21129
user851,01JFFEFDNJMS53DM65QGX0ES3D,01JFFEFDNJQ52F70VZH3FZ1CA4,45265
user852,01JFFEFDWECJ317S22PN34XSSE,01JFFEFDWEGQCQGWPGYKEF1DMX,24897
user853,01JFFEFE36VMSVCQ5V3RFRC885,01JFFEFE360TKQJ3Y11BPKM34D,14704
user854,01JFFEFE9X31PF8JA4H064T2Y1,01JFFEFE9XT2KNMBPFF45N8N2V,5022
user855,01JFFEFEGMNCWFXHJKECHBB9D5,01JFFEFEGMTHESH4V8A3T81196,12863
user856,01JFFEFEQEHN4YS28CG6G2V252,01JFFEFEQENRN4J8GJYGRZQ7EY,10426
user857,01JFFEFEZ26DB0ZBCGYSDN97HF,01JFFEFEZ2K529SXKFFC8WV83S,18691
user858,01JFFEFF5SPQQT2D2NT2WC7FZ9,01JFFEFF5SP1DJ754N5JXM0FHD,30536
user859,01JFFEFFCGGCYXT0K11CNSJSXD,01JFFEFFCG7D262WA71XAJR7XY,8131
user860,01JFFEFFK8ZHAM5BQH8RKFQP9W,01JFFEFFK827MZJQ3B2W949TNA,28399
user861,01JFFEFFT51N5PHMKA6YPJM9FD,01JFFEFFT5WDTXCTMFGF5Z619V,55837
user862,01JFFEFG0WH2R5PYWVNQYHWKN6,01JFFEFG0WQD41Z23GHWD666NF,66220
user863,01JFFEFG7YEJWZ73T61DHPQ852,01JFFEFG7YJ8JXW1VHABX6441Q,10274
user864,01JFFEFGEN31PY8SSVJASBYDNM,01JFFEFGENJ2X548P4HHBNRV5X,5374
user865,01JFFEFGND3TEXGJ0QSQT5C5VX,01JFFEFGNDWA4Q7WRKSCFGTXY8,6913
user866,01JFFEFGWB6V25AY7280W61GZN,01JFFEFGWBYMNTYYP7R6X4SNW6,22866
user867,01JFFEFH37AXKVE7DVYZM4BNB9,01JFFEFH37M50CEX5J1VVBJY06,19249
user868,01JFFEFHA47HR8PJNK5QWFD908,01JFFEFHA4WCSW7J71MVTAQZGX,5688
user869,01JFFEFHGVWCBDB1YHK004Z1AN,01JFFEFHGVH4XRA9GC1QTXF442,147454
user870,01JFFEFHQS8611YE2A47DKF9S6,01JFFEFHQSMY97V7PRT7CW3MQ0,24141
user871,01JFFEFHYHR4FDJ2AQ4RPJEES0,01JFFEFHYHVB0YXAY5AXN53XEM,20467
user872,01JFFEFJ58K4E6Q16RRVRY3TC9,01JFFEFJ58RBW39RC01AB3ARP9,54089
user873,01JFFEFJC0C2N9T1MW1KSABKGE,01JFFEFJC0516SHZ3DZ0NPB4FX,23444
user874,01JFFEFJK1SXJ1ZP1AN6VE786N,01JFFEFJK16356NHY1RBJKPJ0K,8897
user875,01JFFEFJT0FG1GCR89S6SA2232,01JFFEFJT0JEHGNRNN9NH27YK7,9319
user876,01JFFEFK0ZFET20MJQ017BPYNM,01JFFEFK0ZCF5N5HG0QH4NJVHZ,68837
user877,01JFFEFK7R0A4H5ZNGJ7FZ9YMD,01JFFEFK7RAH76J4AYT3WR4ZFR,10761
user878,01JFFEFKEFAXTHNFMYRWCSKXXB,01JFFEFKEF8JG533YSE8FXX8AA,6394
user879,01JFFEFKN8ZCGPAW00HKW9M11B,01JFFEFKN84K6BE7MPTYH7M5P7,33716
user880,01JFFEFKWJPFYAWQT0FZ9RK1RK,01JFFEFKWJN5VXTBF3KDPSAH2V,18427
user881,01JFFEFM39V1X3QK8Y2V4P0SJG,01JFFEFM39MWZNPQNMGKXWAEYV,17984
user882,01JFFEFMA13CV3Y84YGG70V8PE,01JFFEFMA1Z1MPJZEX2TMYF9FS,8121
user883,01JFFEFMH0X10DF20N91X31Q36,01JFFEFMH0X4WESMPHF864C0EP,25230
user884,01JFFEFMQW6DG289GTR83DD8Q4,01JFFEFMQW0HFKZMNCGAS69DR2,12623
user885,01JFFEFMYMXX2HZ2RZ8XGDADQD,01JFFEFMYM4FVNMZXHNYF3AWWR,5963
user886,01JFFEFN5B1ES5XZM4Z8E7F51J,01JFFEFN5BQV9QR7M36CGCX37F,50218
user887,01JFFEFNCDWMDYZA8KMJG0QH6T,01JFFEFNCDKCXSGNRZCACAA4CN,26789
user888,01JFFEFNK6P2TWX5AEYJ4D7T8A,01JFFEFNK6C7HTKSBYSD1NZ4PJ,16699
user889,01JFFEFNT30W5RYEDS9BQ5QPX5,01JFFEFNT335KQ6TM3DXJJSP9C,10804
user890,01JFFEFP0TZ5YFG2TMVP7NDX58,01JFFEFP0TVVDVSVHN7JXB49CV,28131
user891,01JFFEFP7J6WPWGHG3WZ0R7Z9Q,01JFFEFP7JJ189WQWX0YQ7GCPC,22349
user892,01JFFEFPEA6CF7DTE38CKRD7EA,01JFFEFPEAC2E41SEGR75TMD73,11727
user893,01JFFEFPN70AQTMAGFK9F8N6TZ,01JFFEFPN7NMS55YQDH0Q5MRMP,64179
user894,01JFFEFPVZHHSXYD5CMEBT88Q6,01JFFEFPVZTGMB5VS2G3XC28FY,24881
user895,01JFFEFQ2ZYX811ZPG9GS73QG5,01JFFEFQ2ZE0B8A9C6G77NTJ83,6873
user896,01JFFEFQ9TTMFRG1GXSNQSAVB3,01JFFEFQ9TQQ8HHW812Q2YD7EV,24431
user897,01JFFEFQGJG93CGSF6SFRW4QEW,01JFFEFQGJ4Q1W19CZ0T1DETWS,16133
user898,01JFFEFQQFVSXYT908W3HVAV6G,01JFFEFQQF9RNB8RHQXDJMFZ90,18302
user899,01JFFEFQY6NKB6FSG75ZG9HW3W,01JFFEFQY61ZYM8E4V326DK9WX,53698
user900,01JFFEFR4X47ZSVZDYK29SB985,01JFFEFR4XZJY42JAJDPVVCJAX,15748
user901,01JFFEFRBN0RNR9Q3292KC8WB0,01JFFEFRBN9QSRJ0568DY9N03W,11113
user902,01JFFEFRKDDS74TE3XZ3XFHW44,01JFFEFRKDRR665WN1Q1ZMVC82,10517
user903,01JFFEFRT9KQCJ1G9V17T92M4T,01JFFEFRT9WYPEM0WV5QANZK6W,12288
user904,01JFFEFS102TX2Q02ZNJT6N1BS,01JFFEFS1028835CZ26MBP6D7Y,14195
user905,01JFFEFS7QWAQCSYF6TJW19BRS,01JFFEFS7QTBQAPW36XDAJRJER,8602
user906,01JFFEFSEF6A5SJB570AMAV83R,01JFFEFSEFZKNP30YHJ7K2FWX0,9680
user907,01JFFEFSNCQXFBAYNF15QNSFPZ,01JFFEFSNCMWFSWK9XTVXHAJ3G,71515
user908,01JFFEFSW471JBF627P97MYYND,01JFFEFSW4CD7XAHGJT5HGMPYE,39837
user909,01JFFEFT2VEZ15EQEV0W5XJDG5,01JFFEFT2V5TF1YSVFRG3M39WF,9188
user910,01JFFEFT9XR0GCRK0GWMSGG1DN,01JFFEFT9X4QPPKJSNX8HGS3B2,25627
user911,01JFFEFTGRYYQ1GEFXQH6E7SAY,01JFFEFTGRMKV7780RFT6SZKN0,42794
user912,01JFFEFTQH9DZ2RTCB9KHDFCKK,01JFFEFTQHYTD4HCSEDQT1F4HR,23305
user913,01JFFEFTY8XS5Z3JYQC9EAEV8V,01JFFEFTY8H7A70XCWYNS4XXQD,24255
user914,01JFFEFV53GK1APSCV48NPFD5E,01JFFEFV536NMJ5S273VR5JD4V,18272
user915,01JFFEFVC164VBKG0T2ZC5T2EX,01JFFEFVC1EH321XMTXG64GE2A,17153
user916,01JFFEFVJZPBTB9ND33WR956E7,01JFFEFVJZG9CQC3MR2PJQH0RS,53869
user917,01JFFEFVSPPBCG6W51AR80C37E,01JFFEFVSPXBD2904NGKJFV3DY,63675
user918,01JFFEFW0F9QDBD9FJHN71F7E6,01JFFEFW0FX9CGKAZMH2R3F4QR,10582
user919,01JFFEFW78QANTGKJHNJHWGDWC,01JFFEFW788ZBQ9SKTXMDW6NSE,12076
user920,01JFFEFWDZCHCNJX7R80WF3VET,01JFFEFWDZ72QTQZ7S1V0804RG,24261
user921,01JFFEFWMVDG5PRVXGVRNPAWDN,01JFFEFWMVT0WZBG61VW8N2DC3,53591
user922,01JFFEFWVH09ZYBEC9MWTFBJKK,01JFFEFWVHNQ2DBH1AFGBP5DFH,24863
user923,01JFFEFX2BM9G1EM965G0EDERR,01JFFEFX2BKDEAVY5G7E03MZWJ,28376
user924,01JFFEFX9MG38KFHVV3XHAV807,01JFFEFX9MDV48KWFPNDX61XNY,16837
user925,01JFFEFXH4W8Y0C8MHM2BH23PE,01JFFEFXH4QVF5D79G985WJ23P,28074
user926,01JFFEFXQWZK8MHPQED0NGWP2P,01JFFEFXQWSRMB08E5344YS2GZ,58449
user927,01JFFEFXYK6046W127XA3VKNPB,01JFFEFXYK66K2RFSGZV14GASP,7479
user928,01JFFEFY5AB7BD6TAJY8VYPZ7K,01JFFEFY5AY8RF406NCSW028EK,18260
user929,01JFFEFYC1GX0JMS167FMHE7RW,01JFFEFYC151MV3J4HHZ2ZPHJM,8958
user930,01JFFEFYJXH3D4717426DA3HY6,01JFFEFYJXDBHCZ3WYZRTGS00W,49367
user931,01JFFEFYSMWFA2E4E8V162XE70,01JFFEFYSMXDESBQFRHDKCJRPD,42996
user932,01JFFEFZ0B3SYF9BVB8WFY7NW3,01JFFEFZ0B6Q14MNGY7AB544P7,54382
user933,01JFFEFZ72ZYE7DH72WDNNQP26,01JFFEFZ72ZG26B79HTSZQN3SF,31758
user934,01JFFEFZE2HCSADMJXP8825J9P,01JFFEFZE299N7YJJ5ME2NBWHM,25974
user935,01JFFEFZMZMSWQ23XESG8RK3HB,01JFFEFZMZZ8FNRKC3MKQ0GG6P,10927
user936,01JFFEFZVQT1DDB46G7ZCZCNBV,01JFFEFZVQ6WZWC9EY4Y69BSEW,13218
user937,01JFFEG02FQKWHT7MVD5408B3J,01JFFEG02F7ANY4AG69QXCFNWA,14371
user938,01JFFEG097RZPR3PCPD2N2YXCM,01JFFEG097WGK0F4JKNGHN0YNB,121944
user939,01JFFEG0G5XBCK6ZJ7A64BWV7N,01JFFEG0G5Y403A2ZKBGPNA43Q,28608
user940,01JFFEG0Q6AF4SNKBTDSR7Y32A,01JFFEG0Q66PG35DNPKCM2SDFK,20496
user941,01JFFEG0XYXYC585QR4WJRRR2D,01JFFEG0XY95KNV79TBWJ0AMP1,9381
user942,01JFFEG14NZ2F9JPQJA527QNME,01JFFEG14NZ7E9F18SZ54NFT6G,38524
user943,01JFFEG1BFTZK9PCREBX22VZVC,01JFFEG1BF57B7M4D092RMBQAB,13028
user944,01JFFEG1JKD39NWS89X93WPFPC,01JFFEG1JKC7R4766YED9WFR4R,6270
user945,01JFFEG1SAG6SHBA47P1T2EQTE,01JFFEG1SAC052H4A2AEHTHYB7,24911
user946,01JFFEG201KRCPTDR4BZGSXWNA,01JFFEG201BT9BX3KXPX2XYCCG,98691
user947,01JFFEG26V5Q0JKPPEVZT8WQKR,01JFFEG26VMCC8E3ZMW0R57T74,8710
user948,01JFFEG2E8H98B5YDTXD33ER4W,01JFFEG2E8T73AK2HM8ZPVHB7V,23101
user949,01JFFEG2N01BCZ9FFKEV1EANR6,01JFFEG2N07QJ0414E6KG5585R,25281
user950,01JFFEG2VQC6HEQ63K5CGD5RVA,01JFFEG2VQ9193N0AK6HRZ835N,40405
user951,01JFFEG32FSBBSW2D7345R8VDE,01JFFEG32FMCNFEQ8RM91H72YA,28020
user952,01JFFEG397H60EJTWH8Q3P4Z8X,01JFFEG3977BAZYC9A0CGNA374,55120
user953,01JFFEG3G3M1Q7BN2Z2V38T410,01JFFEG3G3Z4J8159MWYVRNABC,30007
user954,01JFFEG3PT9KJXKEWRSDMF5YXD,01JFFEG3PTSKY3FNQYRB5XZE9A,66561
user955,01JFFEG3XHEDD3VFBRVVPE4HT6,01JFFEG3XHX7ERQVHDAYQBSXSW,142374
user956,01JFFEG449NSFKF8TJVHX8N1X3,01JFFEG449DWM3FTYK053QFT8J,64366
user957,01JFFEG4B5VB0P3A7HWA3SB8QS,01JFFEG4B5BNAGJ7S0GGS60E5C,11237
user958,01JFFEG4HXD51BA7TMPV9BSXZS,01JFFEG4HXRWJVCRKRDWMQJZ8A,7772
user959,01JFFEG4RM8GW7NPPDET1FHH2Q,01JFFEG4RMEBYD68EWSRECSD9W,21318
user960,01JFFEG4ZDWRXBZ0NQQCX74FEE,01JFFEG4ZDK3FWM2688AX5M2JW,52745
user961,01JFFEG564T6M3643HMQA0Q9RM,01JFFEG564K0T9DQDK32723448,7035
user962,01JFFEG5D20NED9X69R6A7P1EH,01JFFEG5D287YKBVHCHKGQYQN5,31620
user963,01JFFEG5KTNJRBSCPWTBZXNSXV,01JFFEG5KTAS520BD9M7B6C62D,36424
user964,01JFFEG5THMWESBSQV11NV2PMF,01JFFEG5TH2WT3AGPK029N2JFR,47025
user965,01JFFEG61DQFW0208J8SEBAWM0,01JFFEG61DFGS8A2SFPB1V0AQ6,31465
user966,01JFFEG689A2S1KBQS9TNDYGAZ,01JFFEG6899H4S71N35G3MBF2R,32927
user967,01JFFEG6F2PV8RFRJZ5Q651MMD,01JFFEG6F2SWM0JGANS2T0YCXG,22916
user968,01JFFEG6NSBGCEGKBW9EK545S9,01JFFEG6NS07EF8C0BAS39J5S4,19147
user969,01JFFEG6WK8XPJAV0QRJGZH364,01JFFEG6WKGW7X96R7B3GY9K1P,18175
user970,01JFFEG739Z52QWXP3NX7H7SK1,01JFFEG739YS7116N6PBP43JRB,8439
user971,01JFFEG7AZ4GHNMFBSB227VDXJ,01JFFEG7AZXWNGM6QDF674CTZ4,6747
user972,01JFFEG7HSHNT1B67FD8ZMCTPE,01JFFEG7HSG307NBXA4XSR2WW9,54764
user973,01JFFEG7RGQPHK9ZWK360QGA8J,01JFFEG7RG22N2X5TEFQJT8QPK,53915
user974,01JFFEG7Z6CVGXR6KBHXNEFHJT,01JFFEG7Z6H6BHY2ZHN9XD9P0Z,41449
user975,01JFFEG861YY67KS0X0WMPT7PB,01JFFEG86180HK2NH28FYMKR1W,9486
user976,01JFFEG8CVW07A2BA2TDW3F3VT,01JFFEG8CVV2NY3TPNTV2RDY40,38267
user977,01JFFEG8KJQPK7W3BR3A23FB2P,01JFFEG8KJ9FQTK7KMZCB8EWEX,43724
user978,01JFFEG8TJGRBHRD1K3H3XRRYV,01JFFEG8TJFVHY95WKV5MTMAWB,8499
user979,01JFFEG919TVQP4ZQ9DFHR0C9P,01JFFEG919741KBBHGC9XFSW9A,16220
user980,01JFFEG9863MYXQN5T48G8HA40,01JFFEG986DYP9Y8PHJNSWYGGB,159046
user981,01JFFEG9EYWJ9FH0DWMBGE02RS,01JFFEG9EY9ZY9FP48XS7V2BY7,14755
user982,01JFFEG9NNN51Q0SGEDZ5VTN3T,01JFFEG9NNMYRWBFH8G1YFSYY2,28027
user983,01JFFEG9WDYTWYFR8N115CP1Q0,01JFFEG9WD6STBMVVBAZB6VCRA,9304
user984,01JFFEGA35574C3F620H8AB57S,01JFFEGA35V9VXRSAC62R8PCRP,9858
user985,01JFFEGAA1XSE6Z8N0AH2JKKE4,01JFFEGAA1CRECWGYDHJ7VWWM0,25456
user986,01JFFEGAGSA7KE7SZZY0Y7BM5W,01JFFEGAGSFMTJJ8AK5K4W4E4D,53980
user987,01JFFEGAQGDY293KTT5SNYEPT2,01JFFEGAQG91HFM7RKKSC6TJF1,20773
user988,01JFFEGAYM0Q8P9CG1M9H0SNQ9,01JFFEGAYMXAP8DYQ6FBEG7DC5,14997
user989,01JFFEGB5GE2RQ7N6M49A43M9D,01JFFEGB5GQ4B2Y8CE2H13305M,16436
user990,01JFFEGBC9VJDRAKH5T6Z3EFG4,01JFFEGBC9QTGMTHPRGJN7DQV7,34242
user991,01JFFEGBK0V7H4SVCA2JNVM4PN,01JFFEGBK0EQSZ2M6A64TQDTAX,6187
user992,01JFFEGBSQ7RKE793CM6NQTV1W,01JFFEGBSQ5MN9R0KFA9B75RYX,7018
user993,01JFFEGC0FDYP8EN8A2GT1E17H,01JFFEGC0FT705RMJN4RBV26E3,27061
user994,01JFFEGC7VDRJWR4M647V084Z9,01JFFEGC7VQG3ZEXB9PBNZTA8E,67506
user995,01JFFEGCEK4S1FFG06KXQ95MYC,01JFFEGCEK55MXZYJ6VBBC0AWE,5082
user996,01JFFEGCNAHN0ZSY0JPK3D3QW0,01JFFEGCNASPPS0S5DCXXNSN19,13723
user997,01JFFEGCW13CQHWCQB6YWWD14N,01JFFEGCW1GTC1GZM8ND10CJMR,66522
user998,01JFFEGD2W21PPZFQZBWB79S6W,01JFFEGD2W3RSN4CWYDMYBB7C7,14086
user999,01JFFEGD9Q8FKV26278K11SFFR,01JFFEGD9QMY5DWAS3T6HNKMD6,20286
user1000,01JFFEGDGSAWB4TR8Z5M97DJTX,01JFFEGDGSPDYQYVQMWSEWDN1W,16061
